Date,Rainfall_mm,Comments,,,,,
1/1/03,7.37,,sum rain,46331.66,,avg/day,11.53102539
1/2/03,7.37,,# rows,4018,,avg/year,4208.824266
1/3/03,7.37,,,,,,
1/4/03,7.37,,,,,,
1/5/03,7.37,,,,,,
1/6/03,7.37,,,,,,
1/7/03,7.37,,,,,,
1/8/03,0,,,,,,
1/9/03,0,,,,,,
1/10/03,0,,,,,,
1/11/03,1.02,,,,,,
1/12/03,1.02,,,,,,
1/13/03,1.02,,,,,,
1/14/03,1.02,,,,,,
1/15/03,0,,,,,,
1/16/03,2.79,,,,,,
1/17/03,2.79,,,,,,
1/18/03,2.79,,,,,,
1/19/03,2.79,,,,,,
1/20/03,2.79,,,,,,
1/21/03,2.79,,,,,,
1/22/03,2.54,,,,,,
1/23/03,0,,,,,,
1/24/03,0,,,,,,
1/25/03,41.15,,,,,,
1/26/03,41.15,,,,,,
1/27/03,41.15,,,,,,
1/28/03,0.25,,,,,,
1/29/03,5.59,,,,,,
1/30/03,18.54,,,,,,
1/31/03,10.92,,,,,,
2/1/03,0.51,,,,,,
2/2/03,0.51,,,,,,
2/3/03,0.51,,,,,,
2/4/03,19.81,,,,,,
2/5/03,42.16,,,,,,
2/6/03,1.02,,,,,,
2/7/03,10.41,,,,,,
2/8/03,4.32,,,,,,
2/9/03,4.32,,,,,,
2/10/03,4.32,,,,,,
2/11/03,3.05,,,,,,
2/12/03,9.65,,,,,,
2/13/03,2.29,,,,,,
2/14/03,0.51,,,,,,
2/15/03,10.16,,,,,,
2/16/03,10.16,,,,,,
2/17/03,10.16,,,,,,
2/18/03,10.16,,,,,,
2/19/03,3.05,,,,,,
2/20/03,6.6,,,,,,
2/21/03,2.29,,,,,,
2/22/03,1.02,,,,,,
2/23/03,1.02,,,,,,
2/24/03,1.02,,,,,,
2/25/03,5.59,,,,,,
2/26/03,3.3,,,,,,
2/27/03,0.51,,,,,,
2/28/03,0,,,,,,
3/1/03,1.78,,,,,,
3/2/03,1.78,,,,,,
3/3/03,1.78,,,,,,
3/4/03,3.05,,,,,,
3/5/03,0.25,,,,,,
3/6/03,0,,,,,,
3/7/03,1.78,,,,,,
3/8/03,1.78,,,,,,
3/9/03,1.78,,,,,,
3/10/03,1.78,,,,,,
3/11/03,1.78,,,,,,
3/12/03,5.33,,,,,,
3/13/03,0,,,,,,
3/14/03,0.76,,,,,,
3/15/03,1.27,,,,,,
3/16/03,1.27,,,,,,
3/17/03,1.27,,,,,,
3/18/03,0,,,,,,
3/19/03,1.78,,,,,,
3/20/03,2.54,,,,,,
3/21/03,0,,,,,,
3/22/03,4.06,,,,,,
3/23/03,4.06,,,,,,
3/24/03,4.06,,,,,,
3/25/03,4.83,,,,,,
3/26/03,4.06,,,,,,
3/27/03,5.33,,,,,,
3/28/03,0.51,,,,,,
3/29/03,2.79,,,,,,
3/30/03,2.79,,,,,,
3/31/03,2.79,,,,,,
4/1/03,5.84,,,,,,
4/2/03,2.79,,,,,,
4/3/03,45.72,,,,,,
4/4/03,23.37,,,,,,
4/5/03,32.26,,,,,,
4/6/03,32.26,,,,,,
4/7/03,32.26,,,,,,
4/8/03,1.02,,,,,,
4/9/03,13.46,,,,,,
4/10/03,52.07,,,,,,
4/11/03,70.87,,,,,,
4/12/03,3.05,,,,,,
4/13/03,3.05,,,,,,
4/14/03,3.05,,,,,,
4/15/03,15.75,,,,,,
4/16/03,33.02,,,,,,
4/17/03,74.42,,,,,,
4/18/03,74.42,,,,,,
4/19/03,74.42,,,,,,
4/20/03,74.42,,,,,,
4/21/03,37.85,,,,,,
4/22/03,37.85,,,,,,
4/23/03,26.42,,,,,,
4/24/03,7.11,,,,,,
4/25/03,0.25,,,,,,
4/26/03,2.79,,,,,,
4/27/03,2.79,,,,,,
4/28/03,2.79,,,,,,
4/29/03,0,,,,,,
4/30/03,0,,,,,,
5/1/03,0,,,,,,
5/2/03,0,,,,,,
5/3/03,0,,,,,,
5/4/03,0,,,,,,
5/5/03,0,,,,,,
5/6/03,1.52,,,,,,
5/7/03,5.59,,,,,,
5/8/03,5.33,,,,,,
5/9/03,5.33,,,,,,
5/10/03,1.27,,,,,,
5/11/03,1.27,,,,,,
5/12/03,1.27,,,,,,
5/13/03,0.76,,,,,,
5/14/03,25.15,,,,,,
5/15/03,4.32,,,,,,
5/16/03,7.37,,,,,,
5/17/03,7.37,,,,,,
5/18/03,7.37,,,,,,
5/19/03,4.57,,,,,,
5/20/03,0,,,,,,
5/21/03,3.56,,,,,,
5/22/03,10.92,,,,,,
5/23/03,32.26,,,,,,
5/24/03,8.38,,,,,,
5/25/03,8.38,,,,,,
5/26/03,8.38,,,,,,
5/27/03,0.51,,,,,,
5/28/03,0,,,,,,
5/29/03,0,,,,,,
5/30/03,0,,,,,,
5/31/03,0,,,,,,
6/1/03,8.64,,,,,,
6/2/03,8.64,,,,,,
6/3/03,16.51,,,,,,
6/4/03,1.78,,,,,,
6/5/03,14.48,,,,,,
6/6/03,14.48,,,,,,
6/7/03,14.48,,,,,,
6/8/03,14.48,,,,,,
6/9/03,14.48,,,,,,
6/10/03,0,,,,,,
6/11/03,1.27,,,,,,
6/12/03,16.26,,,,,,
6/13/03,0,,,,,,
6/14/03,19.81,,,,,,
6/15/03,19.81,,,,,,
6/16/03,19.81,,,,,,
6/17/03,1.52,,,,,,
6/18/03,2.03,,,,,,
6/19/03,17.02,,,,,,
6/20/03,3.05,,,,,,
6/21/03,8.89,,,,,,
6/22/03,8.89,,,,,,
6/23/03,8.89,,,,,,
6/24/03,2.03,,,,,,
6/25/03,0,,,,,,
6/26/03,0,,,,,,
6/27/03,0,,,,,,
6/28/03,4.32,,,,,,
6/29/03,4.32,,,,,,
6/30/03,4.32,,,,,,
7/1/03,0.25,,,,,,
7/2/03,16.76,,,,,,
7/3/03,9.4,,,,,,
7/4/03,5.59,,,,,,
7/5/03,13.46,,,,,,
7/6/03,13.46,,,,,,
7/7/03,13.46,,,,,,
7/8/03,5.59,,,,,,
7/9/03,23.37,,,,,,
7/10/03,1.52,,,,,,
7/11/03,0,,,,,,
7/12/03,16.26,,,,,,
7/13/03,16.26,,,,,,
7/14/03,16.26,,,,,,
7/15/03,1.02,,,,,,
7/16/03,27.43,,,,,,
7/17/03,2.79,,,,,,
7/18/03,0,,,,,,
7/19/03,12.45,,,,,,
7/20/03,12.45,,,,,,
7/21/03,12.45,,,,,,
7/22/03,12.45,,,,,,
7/23/03,11.43,,,,,,
7/24/03,0.51,,,,,,
7/25/03,1.27,,,,,,
7/26/03,13.97,,,,,,
7/27/03,13.97,,,,,,
7/28/03,13.97,,,,,,
7/29/03,13.97,,,,,,
7/30/03,0.51,,,,,,
7/31/03,10.16,,,,,,
8/1/03,25.91,,,,,,
8/2/03,7.62,,,,,,
8/3/03,7.62,,,,,,
8/4/03,7.62,,,,,,
8/5/03,0,,,,,,
8/6/03,39.12,,,,,,
8/7/03,13.46,,,,,,
8/8/03,4.83,,,,,,
8/9/03,6.6,,,,,,
8/10/03,6.6,,,,,,
8/11/03,6.6,,,,,,
8/12/03,0,,,,,,
8/13/03,8.64,,,,,,
8/14/03,0,,,,,,
8/15/03,8.13,,,,,,
8/16/03,0,,,,,,
8/17/03,16.26,,,,,,
8/18/03,16.26,,,,,,
8/19/03,6.35,,,,,,
8/20/03,27.69,,,,,,
8/21/03,41.91,,,,,,
8/22/03,102.62,,,,,,
8/23/03,6.6,,,,,,
8/24/03,6.6,,,,,,
8/25/03,6.6,,,,,,
8/26/03,70.87,,,,,,
8/27/03,3.56,,,,,,
8/28/03,33.78,,,,,,
8/29/03,14.99,,,,,,
8/30/03,10.16,,,,,,
8/31/03,10.16,,,,,,
9/1/03,10.16,,,,,,
9/2/03,10.16,,,,,,
9/3/03,2.29,,,,,,
9/4/03,32.51,,,,,,
9/5/03,0.25,,,,,,
9/6/03,6.35,,,,,,
9/7/03,6.35,,,,,,
9/8/03,6.35,,,,,,
9/9/03,6.35,,,,,,
9/10/03,1.02,,,,,,
9/11/03,13.46,,,,,,
9/12/03,0.25,,,,,,
9/13/03,2.29,,,,,,
9/14/03,2.29,,,,,,
9/15/03,2.29,,,,,,
9/16/03,17.78,,,,,,
9/17/03,2.29,,,,,,
9/18/03,0,,,,,,
9/19/03,2.29,,,,,,
9/20/03,9.65,,,,,,
9/21/03,30.99,,,,,,
9/22/03,30.99,,,,,,
9/23/03,0.25,,,,,,
9/24/03,0,,,,,,
9/25/03,0,,,,,,
9/26/03,2.54,,,,,,
9/27/03,5.08,,,,,,
9/28/03,5.08,,,,,,
9/29/03,5.08,,,,,,
9/30/03,12.95,,,,,,
10/1/03,5.08,,,,,,
10/2/03,5.08,,,,,,
10/3/03,0.25,,,,,,
10/4/03,0.25,,,,,,
10/5/03,0.25,,,,,,
10/6/03,0.25,,,,,,
10/7/03,0,,,,,,
10/8/03,2.03,,,,,,
10/9/03,24.64,,,,,,
10/10/03,69.09,,,,,,
10/11/03,1.27,,,,,,
10/12/03,1.27,,,,,,
10/13/03,1.27,,,,,,
10/14/03,4.06,,,,,,
10/15/03,0.25,,,,,,
10/16/03,0.25,,,,,,
10/17/03,0,,,,,,
10/18/03,5.33,,,,,,
10/19/03,5.33,,,,,,
10/20/03,0,,,,,,
10/21/03,1.78,,,,,,
10/22/03,0,,,,,,
10/23/03,0.51,,,,,,
10/24/03,2.79,,,,,,
10/25/03,0,,,,,,
10/26/03,4.57,,,,,,
10/27/03,4.57,,,,,,
10/28/03,0,,,,,,
10/29/03,20.57,,,,,,
10/30/03,0,,,,,,
10/31/03,1.27,,,,,,
11/1/03,5.84,,,,,,
11/2/03,5.84,,,,,,
11/3/03,5.84,,,,,,
11/4/03,15.24,,,,,,
11/5/03,31.24,,,,,,
11/6/03,21.08,,,,,,
11/7/03,43.69,,,,,,
11/8/03,37.34,,,,,,
11/9/03,37.34,,,,,,
11/10/03,37.34,,,,,,
11/11/03,64.01,,,,,,
11/12/03,64.01,,,,,,
11/13/03,231.14,,,,,,
11/14/03,46.99,,,,,,
11/15/03,45.72,,,,,,
11/16/03,45.72,,,,,,
11/17/03,45.72,,,,,,
11/18/03,5.33,,,,,,
11/19/03,8.89,,,,,,
11/20/03,8.89,,,,,,
11/21/03,0.25,,,,,,
11/22/03,10.16,,,,,,
11/23/03,10.16,,,,,,
11/24/03,10.16,,,,,,
11/25/03,26.16,,,,,,
11/26/03,0.51,,,,,,
11/27/03,4.32,,,,,,
11/28/03,4.32,,,,,,
11/29/03,4.32,,,,,,
11/30/03,4.32,,,,,,
12/1/03,4.32,,,,,,
12/2/03,2.79,,,,,,
12/3/03,10.16,,,,,,
12/4/03,8.13,,,,,,
12/5/03,2.54,,,,,,
12/6/03,52.58,,,,,,
12/7/03,52.58,,,,,,
12/8/03,52.58,,,,,,
12/9/03,4.83,,,,,,
12/10/03,6.1,,,,,,
12/11/03,10.92,,,,,,
12/12/03,0,,,,,,
12/13/03,11.43,,,,,,
12/14/03,11.43,,,,,,
12/15/03,11.43,,,,,,
12/16/03,0,,,,,,
12/17/03,22.86,,,,,,
12/18/03,10.16,,,,,,
12/19/03,0.51,,,,,,
12/20/03,0.76,,,,,,
12/21/03,0.76,,,,,,
12/22/03,0.76,,,,,,
12/23/03,0.76,,,,,,
12/24/03,17.02,,,,,,
12/25/03,17.02,,,,,,
12/26/03,17.02,,,,,,
12/27/03,17.02,,,,,,
12/28/03,17.02,,,,,,
12/29/03,17.02,,,,,,
12/30/03,6.6,,,,,,
12/31/03,9.4,,,,,,
1/1/04,9.4,,,,,,
1/2/04,9.4,,,,,,
1/3/04,9.4,,,,,,
1/4/04,9.4,,,,,,
1/5/04,9.4,,,,,,
1/6/04,9.4,,,,,,
1/7/04,9.4,,,,,,
1/8/04,2.29,,,,,,
1/9/04,13.46,,,,,,
1/10/04,8.89,,,,,,
1/11/04,8.89,,,,,,
1/12/04,0.25,,,,,,
1/13/04,0.25,,,,,,
1/14/04,5.59,,,,,,
1/15/04,0.25,,,,,,
1/16/04,0,,,,,,
1/17/04,0,,,,,,
1/18/04,0,,,,,,
1/19/04,0,,,,,,
1/20/04,0,,,,,,
1/21/04,0,,,,,,
1/22/04,0.51,,,,,,
1/23/04,0,,,,,,
1/24/04,0,,,,,,
1/25/04,0,,,,,,
1/26/04,0,,,,,,
1/27/04,0,,,,,,
1/28/04,3.3,,,,,,
1/29/04,0,,,,,,
1/30/04,1.27,,,,,,
1/31/04,0,,,,,,
2/1/04,1.27,,,,,,
2/2/04,1.27,,,,,,
2/3/04,0,,,,,,
2/4/04,10.92,,,,,,
2/5/04,0.51,,,,,,
2/6/04,6.86,,,,,,
2/7/04,19.56,,,,,,
2/8/04,19.56,,,,,,
2/9/04,19.56,,,,,,
2/10/04,4.83,,,,,,
2/11/04,5.59,,,,,,
2/12/04,10.92,,,,,,
2/13/04,0,,,,,,
2/14/04,14.99,,,,,,
2/15/04,14.99,,,,,,
2/16/04,14.99,,,,,,
2/17/04,14.99,,,,,,
2/18/04,1.02,,,,,,
2/19/04,0,,,,,,
2/20/04,8.64,,,,,,
2/21/04,20.57,,,,,,
2/22/04,20.57,,,,,,
2/23/04,20.57,,,,,,
2/24/04,0.25,,,,,,
2/25/04,0,,,,,,
2/26/04,7.37,,,,,,
2/27/04,0.51,,,,,,
2/28/04,18.54,,,,,,
2/29/04,18.54,,,,,,
3/1/04,18.54,,,,,,
3/2/04,12.7,,,,,,
3/3/04,9.14,,,,,,
3/4/04,0.25,,,,,,
3/5/04,0.25,,,,,,
3/6/04,0,,,,,,
3/7/04,0,,,,,,
3/8/04,0,,,,,,
3/9/04,0,,,,,,
3/10/04,1.27,,,,,,
3/11/04,0,,,,,,
3/12/04,7.62,,,,,,
3/13/04,14.99,,,,,,
3/14/04,14.99,,,,,,
3/15/04,14.99,,,,,,
3/16/04,10.16,,,,,,
3/17/04,18.29,,,,,,
3/18/04,31.24,,,,,,
3/19/04,0.25,,,,,,
3/20/04,11.68,,,,,,
3/21/04,11.68,,,,,,
3/22/04,11.68,,,,,,
3/23/04,11.68,,,,,,
3/24/04,27.18,,,,,,
3/25/04,18.03,,,,,,
3/26/04,16.26,,,,,,
3/27/04,57.15,,,,,,
3/28/04,57.15,,,,,,
3/29/04,57.15,,,,,,
3/30/04,0,,,,,,
3/31/04,0.51,,,,,,
4/1/04,0.25,,,,,,
4/2/04,0,,,,,,
4/3/04,17.53,,,,,,
4/4/04,17.53,,,,,,
4/5/04,17.53,,,,,,
4/6/04,0,,,,,,
4/7/04,0.51,,,,,,
4/8/04,4.32,,,,,,
4/9/04,4.32,,,,,,
4/10/04,4.32,,,,,,
4/11/04,4.32,,,,,,
4/12/04,4.32,,,,,,
4/13/04,0,,,,,,
4/14/04,0,,,,,,
4/15/04,5.84,,,,,,
4/16/04,0,,,,,,
4/17/04,2.79,,,,,,
4/18/04,2.79,,,,,,
4/19/04,2.79,,,,,,
4/20/04,13.46,,,,,,
4/21/04,1.52,,,,,,
4/22/04,1.27,,,,,,
4/23/04,12.7,,,,,,
4/24/04,3.56,,,,,,
4/25/04,3.56,,,,,,
4/26/04,3.56,,,,,,
4/27/04,45.21,,,,,,
4/28/04,1.02,,,,,,
4/29/04,8.64,,,,,,
4/30/04,7.37,,,,,,
5/1/04,10.67,,,,,,
5/2/04,10.67,,,,,,
5/3/04,10.67,,,,,,
5/4/04,35.81,,,,,,
5/5/04,62.23,,,,,,
5/6/04,7.62,,,,,,
5/7/04,1.78,,,,,,
5/8/04,91.95,,,,,,
5/9/04,91.95,,,,,,
5/10/04,91.95,,,,,,
5/11/04,40.89,,,,,,
5/12/04,167.64,,,,,,
5/13/04,85.34,,,,,,
5/14/04,56.39,,,,,,
5/15/04,22.35,,,,,,
5/16/04,22.35,,,,,,
5/17/04,22.35,,,,,,
5/18/04,13.21,,,,,,
5/19/04,36.07,,,,,,
5/20/04,74.17,,,,,,
5/21/04,32,,,,,,
5/22/04,21.59,,,,,,
5/23/04,21.59,,,,,,
5/24/04,21.59,,,,,,
5/25/04,12.45,,,,,,
5/26/04,0,,,,,,
5/27/04,0,,,,,,
5/28/04,0,,,,,,
5/29/04,3.56,,,,,,
5/30/04,3.56,,,,,,
5/31/04,3.56,,,,,,
6/1/04,0,,,,,,
6/2/04,0.25,,,,,,
6/3/04,8.89,,,,,,
6/4/04,14.73,,,,,,
6/5/04,17.27,,,,,,
6/6/04,17.27,,,,,,
6/7/04,17.27,,,,,,
6/8/04,5.84,,,,,,
6/9/04,35.56,,,,,,
6/10/04,168.91,,,,,,
6/11/04,2.79,,,,,,
6/12/04,2.79,,,,,,
6/13/04,2.79,,,,,,
6/14/04,2.79,,,,,,
6/15/04,0,,,,,,
6/16/04,0,,,,,,
6/17/04,16.26,,,,,,
6/18/04,17.78,,,,,,
6/19/04,1.27,,,,,,
6/20/04,1.27,,,,,,
6/21/04,1.27,,,,,,
6/22/04,1.78,,,,,,
6/23/04,1.78,,,,,,
6/24/04,0,,,,,,
6/25/04,0.51,,,,,,
6/26/04,25.4,,,,,,
6/27/04,25.4,,,,,,
6/28/04,25.4,,,,,,
6/29/04,0,,,,,,
6/30/04,12.7,,,,,,
7/1/04,19.3,,,,,,
7/2/04,10.16,,,,,,
7/3/04,6.6,,,,,,
7/4/04,6.6,,,,,,
7/5/04,6.6,,,,,,
7/6/04,6.6,,,,,,
7/7/04,18.8,,,,,,
7/8/04,0,,,,,,
7/9/04,0,,,,,,
7/10/04,26.67,,,,,,
7/11/04,26.67,,,,,,
7/12/04,26.67,,,,,,
7/13/04,2.54,,,,,,
7/14/04,6.35,,,,,,
7/15/04,6.6,,,,,,
7/16/04,24.38,,,,,,
7/17/04,12.7,,,,,,
7/18/04,12.7,,,,,,
7/19/04,12.7,,,,,,
7/20/04,12.7,,,,,,
7/21/04,34.04,,,,,,
7/22/04,0.25,,,,,,
7/23/04,0,,,,,,
7/24/04,19.05,,,,,,
7/25/04,19.05,,,,,,
7/26/04,19.05,,,,,,
7/27/04,19.05,,,,,,
7/28/04,6.1,,,,,,
7/29/04,7.11,,,,,,
7/30/04,0,,,,,,
7/31/04,0,,,,,,
8/1/04,4.32,,,,,,
8/2/04,4.32,,,,,,
8/3/04,0,,,,,,
8/4/04,5.84,,,,,,
8/5/04,21.59,,,,,,
8/6/04,2.54,,,,,,
8/7/04,5.84,,,,,,
8/8/04,5.84,,,,,,
8/9/04,5.84,,,,,,
8/10/04,3.3,,,,,,
8/11/04,13.72,,,,,,
8/12/04,0,,,,,,
8/13/04,25.4,,,,,,
8/14/04,6.86,,,,,,
8/15/04,6.86,,,,,,
8/16/04,6.86,,,,,,
8/17/04,0,,,,,,
8/18/04,19.3,,,,,,
8/19/04,0.25,,,,,,
8/20/04,0,,,,,,
8/21/04,1.02,,,,,,
8/22/04,1.02,,,,,,
8/23/04,1.02,,,,,,
8/24/04,8.64,,,,,,
8/25/04,1.78,,,,,,
8/26/04,5.84,,,,,,
8/27/04,6.6,,,,,,
8/28/04,2.54,,,,,,
8/29/04,2.54,,,,,,
8/30/04,2.54,,,,,,
8/31/04,22.1,,,,,,
9/1/04,0,,,,,,
9/2/04,10.16,,,,,,
9/3/04,3.81,,,,,,
9/4/04,14.99,,,,,,
9/5/04,14.99,,,,,,
9/6/04,14.99,,,,,,
9/7/04,8.38,,,,,,
9/8/04,3.05,,,,,,
9/9/04,13.21,,,,,,
9/10/04,0,,,,,,
9/11/04,12.95,,,,,,
9/12/04,12.95,,,,,,
9/13/04,12.95,,,,,,
9/14/04,1.52,,,,,,
9/15/04,232.66,,,,,,
9/16/04,232.66,,,,,,
9/17/04,20.57,,,,,,
9/18/04,20.57,,,,,,
9/19/04,20.57,,,,,,
9/20/04,20.57,,,,,,
9/21/04,0,,,,,,
9/22/04,0,,,,,,
9/23/04,0,,,,,,
9/24/04,0,,,,,,
9/25/04,2.54,,,,,,
9/26/04,2.54,,,,,,
9/27/04,2.54,,,,,,
9/28/04,5.84,,,,,,
9/29/04,2.03,,,,,,
9/30/04,6.35,,,,,,
10/1/04,12.19,,,,,,
10/2/04,7.37,,,,,,
10/3/04,7.37,,,,,,
10/4/04,7.37,,,,,,
10/5/04,2.79,,,,,,
10/6/04,6.86,,,,,,
10/7/04,76.2,,,,,,
10/8/04,8.38,,,,,,
10/9/04,10.16,,,,,,
10/10/04,10.16,,,,,,
10/11/04,10.16,,,,,,
10/12/04,10.16,,,,,,
10/13/04,5.08,,,,,,
10/14/04,0,,,,,,
10/15/04,7.62,,,,,,
10/16/04,3.81,,,,,,
10/17/04,3.81,,,,,,
10/18/04,3.81,,,,,,
10/19/04,5.08,,,,,,
10/20/04,3.05,,,,,,
10/21/04,28.96,,,,,,
10/22/04,7.87,,,,,,
10/23/04,2.54,,,,,,
10/24/04,2.54,,,,,,
10/25/04,2.54,,,,,,
10/26/04,0.51,,,,,,
10/27/04,0,,,,,,
10/28/04,0,,,,,,
10/29/04,41.15,,,,,,
10/30/04,38.1,,,,,,
10/31/04,38.1,,,,,,
11/1/04,38.1,,,,,,
11/2/04,6.86,,,,,,
11/3/04,32.51,,,,,,
11/4/04,0,,,,,,
11/5/04,0.51,,,,,,
11/6/04,13.97,,,,,,
11/7/04,13.97,,,,,,
11/8/04,13.97,,,,,,
11/9/04,13.46,,,,,,
11/10/04,16.76,,,,,,
11/11/04,24.13,,,,,,
11/12/04,24.13,,,,,,
11/13/04,118.62,,,,,,
11/14/04,118.62,,,,,,
11/15/04,118.62,,,,,,
11/16/04,21.08,,,,,,
11/17/04,5.59,,,,,,
11/18/04,0,,,,,,
11/19/04,19.81,,,,,,
11/20/04,19.81,,,,,,
11/21/04,19.81,,,,,,
11/22/04,19.81,,,,,,
11/23/04,1.02,,,,,,
11/24/04,0,,,,,,
11/25/04,4.83,,,,,,
11/26/04,4.83,,,,,,
11/27/04,4.83,,,,,,
11/28/04,4.83,,,,,,
11/29/04,4.83,,,,,,
11/30/04,0,,,,,,
12/1/04,7.62,,,,,,
12/2/04,0,,,,,,
12/3/04,4.57,,,,,,
12/4/04,9.4,,,,,,
12/5/04,9.4,,,,,,
12/6/04,9.4,,,,,,
12/7/04,46.48,,,,,,
12/8/04,37.34,,,,,,
12/9/04,16,,,,,,
12/10/04,7.37,,,,,,
12/11/04,7.37,,,,,,
12/12/04,7.37,,,,,,
12/13/04,7.37,,,,,,
12/14/04,58.93,,,,,,
12/15/04,38.35,,,,,,
12/16/04,2.29,,,,,,
12/17/04,23.11,,,,,,
12/18/04,5.08,,,,,,
12/19/04,5.08,,,,,,
12/20/04,5.08,,,,,,
12/21/04,5.08,,,,,,
12/22/04,11.94,,,,,,
12/23/04,19.81,,,,,,
12/24/04,2.54,,,,,,
12/25/04,2.54,,,,,,
12/26/04,2.54,,,,,,
12/27/04,2.54,,,,,,
12/28/04,0,,,,,,
12/29/04,4.57,,,,,,
12/30/04,14.22,,,,,,
12/31/04,14.22,,,,,,
1/1/05,31.75,,,,,,
1/2/05,31.75,,,,,,
1/3/05,31.75,,,,,,
1/4/05,1.27,,,,,,
1/5/05,30.99,,,,,,
1/6/05,30.99,,,,,,
1/7/05,30.99,,,,,,
1/8/05,30.99,,,,,,
1/9/05,30.99,,,,,,
1/10/05,30.99,,,,,,
1/11/05,30.99,,,,,,
1/12/05,38.35,,,,,,
1/13/05,39.62,,,,,,
1/14/05,55.37,,,,,,
1/15/05,8.38,,,,,,
1/16/05,8.38,,,,,,
1/17/05,8.38,,,,,,
1/18/05,8.38,,,,,,
1/19/05,31.24,,,,,,
1/20/05,177.04,,,,,,
1/21/05,6.6,,,,,,
1/22/05,0,,,,,,
1/23/05,0,,,,,,
1/24/05,0,,,,,,
1/25/05,4.83,,,,,,
1/26/05,7.11,,,,,,
1/27/05,0,,,,,,
1/28/05,15.75,,,,,,
1/29/05,15.75,,,,,,
1/30/05,15.75,,,,,,
1/31/05,15.75,,,,,,
2/1/05,0,,,,,,
2/2/05,0,,,,,,
2/3/05,5.84,,,,,,
2/4/05,0.51,,,,,,
2/5/05,5.84,,,,,,
2/6/05,5.84,,,,,,
2/7/05,5.84,,,,,,
2/8/05,0,,,,,,
2/9/05,1.02,,,,,,
2/10/05,0.51,,,,,,
2/11/05,0,,,,,,
2/12/05,8.38,,,,,,
2/13/05,8.38,,,,,,
2/14/05,8.38,,,,,,
2/15/05,63.5,,,,,,
2/16/05,2.03,,,,,,
2/17/05,0.25,,,,,,
2/18/05,0,,,,,,
2/19/05,2.03,,,,,,
2/20/05,2.03,,,,,,
2/21/05,2.03,,,,,,
2/22/05,2.03,,,,,,
2/23/05,4.83,,,,,,
2/24/05,3.81,,,,,,
2/25/05,40.89,,,,,,
2/26/05,0.25,,,,,,
2/27/05,0.25,,,,,,
2/28/05,0.25,,,,,,
3/1/05,0,,,,,,
3/2/05,0.25,,,,,,
3/3/05,0,,,,,,
3/4/05,0,,,,,,
3/5/05,0.42,,,,,,
3/6/05,0.42,,,,,,
3/7/05,0.42,,,,,,
3/8/05,0,,,,,,
3/9/05,0,,,,,,
3/10/05,0,,,,,,
3/11/05,0,,,,,,
3/12/05,0,,,,,,
3/13/05,0,,,,,,
3/14/05,0,,,,,,
3/15/05,0,,,,,,
3/16/05,0,,,,,,
3/17/05,0,,,,,,
3/18/05,0,,,,,,
3/19/05,0.34,,,,,,
3/20/05,0.34,,,,,,
3/21/05,0.34,,,,,,
3/22/05,0.51,,,,,,
3/23/05,0,,,,,,
3/24/05,0.46,,,,,,
3/25/05,0.46,,,,,,
3/26/05,0.46,,,,,,
3/27/05,0.46,,,,,,
3/28/05,0.46,,,,,,
3/29/05,0,,,,,,
3/30/05,0,,,,,,
3/31/05,4.06,,,,,,
4/1/05,6.6,,,,,,
4/2/05,0.76,,,,,,
4/3/05,0.76,,,,,,
4/4/05,0.76,,,,,,
4/5/05,0,,,,,,
4/6/05,2.29,,,,,,
4/7/05,15.24,,,,,,
4/8/05,7.37,,,,,,
4/9/05,29.63,,,,,,
4/10/05,29.63,,,,,,
4/11/05,29.63,,,,,,
4/12/05,1.78,,,,,,
4/13/05,6.6,,,,,,
4/14/05,2.29,,,,,,
4/15/05,1.27,,,,,,
4/16/05,3.87,,,,,,
4/17/05,3.87,,,,,,
4/18/05,3.87,,,,,,
4/19/05,3.87,,,,,,
4/20/05,17.53,,,,,,
4/21/05,14.73,,,,,,
4/22/05,13.34,,,,,,
4/23/05,13.34,,,,,,
4/24/05,13.34,,,,,,
4/25/05,13.34,,,,,,
4/26/05,0.25,,,,,,
4/27/05,0,,,,,,
4/28/05,4.57,,,,,,
4/29/05,0,,,,,,
4/30/05,14.82,,,,,,
5/1/05,14.82,,,,,,
5/2/05,14.82,,,,,,
5/3/05,1.02,,,,,,
5/4/05,1.27,,,,,,
5/5/05,6.1,,,,,,
5/6/05,3.05,,,,,,
5/7/05,0.93,,,,,,
5/8/05,0.93,,,,,,
5/9/05,0.93,,,,,,
5/10/05,0,,,,,,
5/11/05,5.84,,,,,,
5/12/05,16,,,,,,
5/13/05,17.53,,,,,,
5/14/05,16.09,,,,,,
5/15/05,16.09,,,,,,
5/16/05,16.09,,,,,,
5/17/05,36.83,,,,,,
5/18/05,29.46,,,,,,
5/19/05,7.11,,,,,,
5/20/05,2.29,,,,,,
5/21/05,13.38,,,,,,
5/22/05,13.38,,,,,,
5/23/05,13.38,,,,,,
5/24/05,17.27,,,,,,
5/25/05,21.08,,,,,,
5/26/05,0,,,,,,
5/27/05,2.54,,,,,,
5/28/05,6.79,,,,,,
5/29/05,6.79,,,,,,
5/30/05,6.79,,,,,,
5/31/05,6.79,,,,,,
6/1/05,15.24,,,,,,
6/2/05,0,,,,,,
6/3/05,4.83,,,,,,
6/4/05,9.57,,,,,,
6/5/05,9.57,,,,,,
6/6/05,9.57,,,,,,
6/7/05,24.38,,,,,,
6/8/05,4.32,,,,,,
6/9/05,0,,,,,,
6/10/05,5.08,,,,,,
6/11/05,11.26,,,,,,
6/12/05,11.26,,,,,,
6/13/05,11.26,,,,,,
6/14/05,27.43,,,,,,
6/15/05,0,,,,,,
6/16/05,0,,,,,,
6/17/05,0,,,,,,
6/18/05,0.68,,,,,,
6/19/05,0.68,,,,,,
6/20/05,0.68,,,,,,
6/21/05,0,,,,,,
6/22/05,23.88,,,,,,
6/23/05,21.84,,,,,,
6/24/05,8.64,,,,,,
6/25/05,8.64,,,,,,
6/26/05,8.64,,,,,,
6/27/05,8.64,,,,,,
6/28/05,4.57,,,,,,
6/29/05,1.27,,,,,,
6/30/05,1.78,,,,,,
7/1/05,0,,,,,,
7/2/05,8.89,,,,,,
7/3/05,8.89,,,,,,
7/4/05,8.89,,,,,,
7/5/05,8.89,,,,,,
7/6/05,28.45,,,,,,
7/7/05,6.86,,,,,,
7/8/05,0.51,,,,,,
7/9/05,21.59,,,,,,
7/10/05,21.59,,,,,,
7/11/05,21.59,,,,,,
7/12/05,3.3,,,,,,
7/13/05,5.84,,,,,,
7/14/05,38.1,,,,,,
7/15/05,17.27,,,,,,
7/16/05,5.72,,,,,,
7/17/05,5.72,,,,,,
7/18/05,5.72,,,,,,
7/19/05,5.72,,,,,,
7/20/05,57.91,,,,,,
7/21/05,7.37,,,,,,
7/22/05,2.54,,,,,,
7/23/05,2.6,,,,,,
7/24/05,2.6,,,,,,
7/25/05,2.6,,,,,,
7/26/05,2.6,,,,,,
7/27/05,1.14,,,,,,
7/28/05,1.14,,,,,,
7/29/05,21.84,,,,,,
7/30/05,12.45,,,,,,
7/31/05,12.45,,,,,,
8/1/05,12.45,,,,,,
8/2/05,0.25,,,,,,
8/3/05,9.65,,,,,,
8/4/05,0,,,,,,
8/5/05,0,,,,,,
8/6/05,9.65,,,,,,
8/7/05,9.65,,,,,,
8/8/05,9.65,,,,,,
8/9/05,4.83,,,,,,
8/10/05,0,,,,,,
8/11/05,1.78,,,,,,
8/12/05,5.08,,,,,,
8/13/05,4.15,,,,,,
8/14/05,4.15,,,,,,
8/15/05,4.15,,,,,,
8/16/05,23.88,,,,,,
8/17/05,10.16,,,,,,
8/18/05,0.25,,,,,,
8/19/05,0,,,,,,
8/20/05,17.36,,,,,,
8/21/05,17.36,,,,,,
8/22/05,17.36,,,,,,
8/23/05,5.33,,,,,,
8/24/05,21.08,,,,,,
8/25/05,21.34,,,,,,
8/26/05,0.51,,,,,,
8/27/05,7.62,,,,,,
8/28/05,7.62,,,,,,
8/29/05,7.62,,,,,,
8/30/05,1.27,,,,,,
8/31/05,0,,,,,,
9/1/05,0.51,,,,,,
9/2/05,0,,,,,,
9/3/05,0,,,,,,
9/4/05,0,,,,,,
9/5/05,0,,,,,,
9/6/05,0,,,,,,
9/7/05,7.37,,,,,,
9/8/05,6.1,,,,,,
9/9/05,2.79,,,,,,
9/10/05,16.26,,,,,,
9/11/05,16.26,,,,,,
9/12/05,16.26,,,,,,
9/13/05,1.52,,,,,,
9/14/05,45.21,,,,,,
9/15/05,9.4,,,,,,
9/16/05,16.76,,,,,,
9/17/05,0.08,,,,,,
9/18/05,0.08,,,,,,
9/19/05,0.08,,,,,,
9/20/05,8.38,,,,,,
9/21/05,28.96,,,,,,
9/22/05,33.78,,,,,,
9/23/05,13.14,,,,,,
9/24/05,13.14,,,,,,
9/25/05,13.14,,,,,,
9/26/05,13.14,,,,,,
9/27/05,0.25,,,,,,
9/28/05,9.4,,,,,,
9/29/05,20.57,,,,,,
9/30/05,43.43,,,,,,
10/1/05,22.44,,,,,,
10/2/05,22.44,,,,,,
10/3/05,22.44,,,,,,
10/4/05,12.95,,,,,,
10/5/05,5.59,,,,,,
10/6/05,24.89,,,,,,
10/7/05,0.51,,,,,,
10/8/05,23.28,,,,,,
10/9/05,23.28,,,,,,
10/10/05,23.28,,,,,,
10/11/05,46.48,,,,,,
10/12/05,35.18,,,,,,
10/13/05,35.18,,,,,,
10/14/05,0.51,,,,,,
10/15/05,0.51,,,,,,
10/16/05,0.51,,,,,,
10/17/05,0.51,,,,,,
10/18/05,2.03,,,,,,
10/19/05,4.32,,,,,,
10/20/05,28.7,,,,,,
10/21/05,28.7,,,,,,
10/22/05,28.7,,,,,,
10/23/05,28.7,,,,,,
10/24/05,28.7,,,,,,
10/25/05,0.25,,,,,,
10/26/05,0.25,,,,,,
10/27/05,1.02,,,,,,
10/28/05,5.84,,,,,,
10/29/05,18.8,,,,,,
10/30/05,18.8,,,,,,
10/31/05,18.8,,,,,,
11/1/05,6.35,,,,,,
11/2/05,17.27,,,,,,
11/3/05,3.05,,,,,,
11/4/05,1.78,,,,,,
11/5/05,8.47,,,,,,
11/6/05,8.47,,,,,,
11/7/05,8.47,,,,,,
11/8/05,6.35,,,,,,
11/9/05,2.79,,,,,,
11/10/05,5.33,,,,,,
11/11/05,26.35,,,,,,
11/12/05,26.35,,,,,,
11/13/05,26.35,,,,,,
11/14/05,26.35,,,,,,
11/15/05,5.59,,,,,,
11/16/05,6.6,,,,,,
11/17/05,1.27,,,,,,
11/18/05,18.8,,,,,,
11/19/05,7.54,,,,,,
11/20/05,7.54,,,,,,
11/21/05,7.54,,,,,,
11/22/05,0,,,,,,
11/23/05,1.02,,,,,,
11/24/05,25.1,,,,,,
11/25/05,25.1,,,,,,
11/26/05,25.1,,,,,,
11/27/05,25.1,,,,,,
11/28/05,25.1,,,,,,
11/29/05,21.34,,,,,,
11/30/05,11.94,,,,,,
12/1/05,9.14,,,,,,
12/2/05,0.51,,,,,,
12/3/05,15.75,,,,,,
12/4/05,15.75,,,,,,
12/5/05,15.75,,,,,,
12/6/05,4.57,,,,,,
12/7/05,13.97,,,,,,
12/8/05,11.94,,,,,,
12/9/05,9.4,,,,,,
12/10/05,9.4,,,,,,
12/11/05,9.4,,,,,,
12/12/05,9.4,,,,,,
12/13/05,0.51,,,,,,
12/14/05,0,,,,,,
12/15/05,23.62,,,,,,
12/16/05,16.76,,,,,,
12/17/05,8.47,,,,,,
12/18/05,8.47,,,,,,
12/19/05,8.47,,,,,,
12/20/05,7.11,,,,,,
12/21/05,4.83,,,,,,
12/22/05,1.02,,,,,,
12/23/05,2.03,,,,,,
12/24/05,2.03,,,,,,
12/25/05,2.03,,,,,,
12/26/05,2.03,,,,,,
12/27/05,2.03,,,,,,
12/28/05,0,,,,,,
12/29/05,5.29,,,,,,
12/30/05,5.29,,,,,,
12/31/05,5.29,,,,,,
1/1/06,5.29,,,,,,
1/2/06,5.29,,,,,,
1/3/06,5.29,,,,,,
1/4/06,4.57,,,,,,
1/5/06,0.51,,,,,,
1/6/06,12.19,,,,,,
1/7/06,12.19,,,,,,
1/8/06,12.19,,,,,,
1/9/06,12.19,,,,,,
1/10/06,12.19,,,,,,
1/11/06,16.26,,,,,,
1/12/06,16.76,,,,,,
1/13/06,10.41,,,,,,
1/14/06,11.11,,,,,,
1/15/06,11.11,,,,,,
1/16/06,11.11,,,,,,
1/17/06,11.11,,,,,,
1/18/06,32,,,,,,
1/19/06,7.37,,,,,,
1/20/06,45.97,,,,,,
1/21/06,21.34,,,,,,
1/22/06,21.34,,,,,,
1/23/06,21.34,,,,,,
1/24/06,0,,,,,,
1/25/06,0.76,,,,,,
1/26/06,0.51,,,,,,
1/27/06,0.25,,,,,,
1/28/06,31.75,,,,,,
1/29/06,31.75,,,,,,
1/30/06,31.75,,,,,,
1/31/06,6.86,,,,,,
2/1/06,0.76,,,,,,
2/2/06,11.18,,,,,,
2/3/06,11.94,,,,,,
2/4/06,3.89,,,,,,
2/5/06,3.89,,,,,,
2/6/06,3.89,,,,,,
2/7/06,10.41,,,,,,
2/8/06,12.7,,,,,,
2/9/06,4.83,,,,,,
2/10/06,0,,,,,,
2/11/06,4.4,,,,,,
2/12/06,4.4,,,,,,
2/13/06,4.4,,,,,,
2/14/06,0,,,,,,
2/15/06,4.83,,,,,,
2/16/06,17.02,,,,,,
2/17/06,2.29,,,,,,
2/18/06,5.33,,,,,,
2/19/06,5.33,,,,,,
2/20/06,5.33,,,,,,
2/21/06,2.54,,,,,,
2/22/06,0,,,,,,
2/23/06,0,,,,,,
2/24/06,0,,,,,,
2/25/06,0,,,,,,
2/26/06,0,,,,,,
2/27/06,0,,,,,,
2/28/06,0,,,,,,
3/1/06,1.52,,,,,,
3/2/06,0.51,,,,,,
3/3/06,2.54,,,,,,
3/4/06,0.51,,,,,,
3/5/06,0.51,,,,,,
3/6/06,0.51,,,,,,
3/7/06,9.14,,,,,,
3/8/06,0.25,,,,,,
3/9/06,0.51,,,,,,
3/10/06,0.51,,,,,,
3/11/06,4.66,,,,,,
3/12/06,4.66,,,,,,
3/13/06,4.66,,,,,,
3/14/06,16,,,,,,
3/15/06,17.78,,,,,,
3/16/06,0,,,,,,
3/17/06,6.86,,,,,,
3/18/06,1.95,,,,,,
3/19/06,1.95,,,,,,
3/20/06,1.95,,,,,,
3/21/06,0,,,,,,
3/22/06,0,,,,,,
3/23/06,0,,,,,,
3/24/06,3.81,,,,,,
3/25/06,4.91,,,,,,
3/26/06,4.91,,,,,,
3/27/06,4.91,,,,,,
3/28/06,0,,,,,,
3/29/06,0.51,,,,,,
3/30/06,33.78,,,,,,
3/31/06,2.54,,,,,,
4/1/06,29.29,,,,,,
4/2/06,29.29,,,,,,
4/3/06,29.29,,,,,,
4/4/06,0,,,,,,
4/5/06,97.54,,,,,,
4/6/06,85.6,,,,,,
4/7/06,18.54,,,,,,
4/8/06,2.96,,,,,,
4/9/06,2.96,,,,,,
4/10/06,2.96,,,,,,
4/11/06,0,,,,,,
4/12/06,39.37,,,,,,
4/13/06,3.94,,,,,,
4/14/06,3.94,,,,,,
4/15/06,3.94,,,,,,
4/16/06,3.94,,,,,,
4/17/06,3.94,,,,,,
4/18/06,3.94,,,,,,
4/19/06,0.25,,,,,,
4/20/06,0,,,,,,
4/21/06,0,,,,,,
4/22/06,84.67,,,,,,
4/23/06,84.67,,,,,,
4/24/06,84.67,,,,,,
4/25/06,6.6,,,,,,
4/26/06,0,,,,,,
4/27/06,3.81,,,,,,
4/28/06,0.25,,,,,,
4/29/06,23.71,,,,,,
4/30/06,23.71,,,,,,
5/1/06,23.71,,,,,,
5/2/06,20.32,,,,,,
5/3/06,26.16,,,,,,
5/4/06,7.11,,,,,,
5/5/06,0,,,,,,
5/6/06,1.44,,,,,,
5/7/06,1.44,,,,,,
5/8/06,1.44,,,,,,
5/9/06,31.24,,,,,,
5/10/06,8.64,,,,,,
5/11/06,3.81,,,,,,
5/12/06,2.54,,,,,,
5/13/06,0.34,,,,,,
5/14/06,0.34,,,,,,
5/15/06,0.34,,,,,,
5/16/06,0.51,,,,,,
5/17/06,0.51,,,,,,
5/18/06,0,,,,,,
5/19/06,0,,,,,,
5/20/06,0.25,,,,,,
5/21/06,0.25,,,,,,
5/22/06,0.25,,,,,,
5/23/06,0,,,,,,
5/24/06,0,,,,,,
5/25/06,0,,,,,,
5/26/06,0,,,,,,
5/27/06,5.08,,,,,,
5/28/06,5.08,,,,,,
5/29/06,5.08,,,,,,
5/30/06,5.08,,,,,,
5/31/06,1.27,,,,,,
6/1/06,3.81,,,,,,
6/2/06,1.52,,,,,,
6/3/06,3.22,,,,,,
6/4/06,3.22,,,,,,
6/5/06,3.22,,,,,,
6/6/06,10.67,,,,,,
6/7/06,4.06,,,,,,
6/8/06,0.25,,,,,,
6/9/06,3.81,,,,,,
6/10/06,3.39,,,,,,
6/11/06,3.39,,,,,,
6/12/06,3.39,,,,,,
6/13/06,6.86,,,,,,
6/14/06,20.07,,,,,,
6/15/06,5.08,,,,,,
6/16/06,5.08,,,,,,
6/17/06,19.22,,,,,,
6/18/06,19.22,,,,,,
6/19/06,19.22,,,,,,
6/20/06,17.78,,,,,,
6/21/06,64.26,,,,,,
6/22/06,25.4,,,,,,
6/23/06,1.02,,,,,,
6/24/06,5.33,,,,,,
6/25/06,5.33,,,,,,
6/26/06,5.33,,,,,,
6/27/06,0,,,,,,
6/28/06,5.08,,,,,,
6/29/06,23.62,,,,,,
6/30/06,48.26,,,,,,
7/1/06,16.46,,,,,,
7/2/06,16.46,,,,,,
7/3/06,16.46,,,,,,
7/4/06,16.46,,,,,,
7/5/06,16.46,,,,,,
7/6/06,0.76,,,,,,
7/7/06,9.14,,,,,,
7/8/06,55.88,,,,,,
7/9/06,55.88,,,,,,
7/10/06,55.88,,,,,,
7/11/06,0.51,,,,,,
7/12/06,9.4,,,,,,
7/13/06,10.16,,,,,,
7/14/06,9.91,,,,,,
7/15/06,8.45,,,,,,
7/16/06,8.45,,,,,,
7/17/06,8.45,,,,,,
7/18/06,8.45,,,,,,
7/19/06,11.68,,,,,,
7/20/06,0,,,,,,
7/21/06,0.25,,,,,,
7/22/06,2.37,,,,,,
7/23/06,2.37,,,,,,
7/24/06,2.37,,,,,,
7/25/06,21.84,,,,,,
7/26/06,3.3,,,,,,
7/27/06,24.38,,,,,,
7/28/06,24.38,,,,,,
7/29/06,29.55,,,,,,
7/30/06,29.55,,,,,,
7/31/06,29.55,,,,,,
8/1/06,0,,,,,,
8/2/06,0,,,,,,
8/3/06,33.02,,,,,,
8/4/06,0.76,,,,,,
8/5/06,19.22,,,,,,
8/6/06,19.22,,,,,,
8/7/06,19.22,,,,,,
8/8/06,3.3,,,,,,
8/9/06,43.94,,,,,,
8/10/06,10.41,,,,,,
8/11/06,17.78,,,,,,
8/12/06,0.34,,,,,,
8/13/06,0.34,,,,,,
8/14/06,0.34,,,,,,
8/15/06,8.89,,,,,,
8/16/06,24.64,,,,,,
8/17/06,12.19,,,,,,
8/18/06,24.64,,,,,,
8/19/06,4.4,,,,,,
8/20/06,4.4,,,,,,
8/21/06,4.4,,,,,,
8/22/06,0.25,,,,,,
8/23/06,4.06,,,,,,
8/24/06,0,,,,,,
8/25/06,20.57,,,,,,
8/26/06,17.19,,,,,,
8/27/06,17.19,,,,,,
8/28/06,17.19,,,,,,
8/29/06,0,,,,,,
8/30/06,0,,,,,,
8/31/06,0,,,,,,
9/1/06,2.54,,,,,,
9/2/06,13.65,,,,,,
9/3/06,13.65,,,,,,
9/4/06,13.65,,,,,,
9/5/06,13.65,,,,,,
9/6/06,43.69,,,,,,
9/7/06,16.51,,,,,,
9/8/06,1.27,,,,,,
9/9/06,0.85,,,,,,
9/10/06,0.85,,,,,,
9/11/06,0.85,,,,,,
9/12/06,27.94,,,,,,
9/13/06,0.76,,,,,,
9/14/06,4.83,,,,,,
9/15/06,14.48,,,,,,
9/16/06,0,,,,,,
9/17/06,0,,,,,,
9/18/06,0,,,,,,
9/19/06,0,,,,,,
9/20/06,0,,,,,,
9/21/06,0.51,,,,,,
9/22/06,5.59,,,,,,
9/23/06,27.52,,,,,,
9/24/06,27.52,,,,,,
9/25/06,27.52,,,,,,
9/26/06,2.29,,,,,,
9/27/06,0,,,,,,
9/28/06,10.67,,,,,,
9/29/06,4.06,,,,,,
9/30/06,4.23,,,,,,
10/1/06,4.23,,,,,,
10/2/06,4.23,,,,,,
10/3/06,11.18,,,,,,
10/4/06,5.08,,,,,,
10/5/06,10.8,,,,,,
10/6/06,10.8,,,,,,
10/7/06,6.18,,,,,,
10/8/06,6.18,,,,,,
10/9/06,6.18,,,,,,
10/10/06,20.32,,,,,,
10/11/06,22.1,,,,,,
10/12/06,28.19,,,,,,
10/13/06,28.19,,,,,,
10/14/06,3.56,,,,,,
10/15/06,3.56,,,,,,
10/16/06,3.56,,,,,,
10/17/06,4.32,,,,,,
10/18/06,0,,,,,,
10/19/06,1.52,,,,,,
10/20/06,15.24,,,,,,
10/21/06,1.61,,,,,,
10/22/06,1.61,,,,,,
10/23/06,1.61,,,,,,
10/24/06,0,,,,,,
10/25/06,0,,,,,,
10/26/06,0,,,,,,
10/27/06,11.94,,,,,,
10/28/06,11.43,,,,,,
10/29/06,11.43,,,,,,
10/30/06,11.43,,,,,,
10/31/06,0.25,,,,,,
11/1/06,12.19,,,,,,
11/2/06,7.11,,,,,,
11/3/06,12.95,,,,,,
11/4/06,0.51,,,,,,
11/5/06,0.51,,,,,,
11/6/06,0.51,,,,,,
11/7/06,0,,,,,,
11/8/06,1.52,,,,,,
11/9/06,0,,,,,,
11/10/06,0,,,,,,
11/11/06,11.43,,,,,,
11/12/06,11.43,,,,,,
11/13/06,11.43,,,,,,
11/14/06,5.59,,,,,,
11/15/06,1.02,,,,,,
11/16/06,2.79,,,,,,
11/17/06,0,,,,,,
11/18/06,1.27,,,,,,
11/19/06,1.27,,,,,,
11/20/06,1.27,,,,,,
11/21/06,1.27,,,,,,
11/22/06,14.48,,,,,,
11/23/06,3.81,,,,,,
11/24/06,3.81,,,,,,
11/25/06,3.81,,,,,,
11/26/06,3.81,,,,,,
11/27/06,3.81,,,,,,
11/28/06,60.96,,,,,,
11/29/06,42.42,,,,,,
11/30/06,11.94,,,,,,
12/1/06,68.58,,,,,,
12/2/06,11.94,,,,,,
12/3/06,11.94,,,,,,
12/4/06,11.94,,,,,,
12/5/06,29.72,,,,,,
12/6/06,57.66,,,,,,
12/7/06,7.62,,,,,,
12/8/06,4.32,,,,,,
12/9/06,4.32,,,,,,
12/10/06,4.32,,,,,,
12/11/06,4.32,,,,,,
12/12/06,3.05,,,,,,
12/13/06,5.84,,,,,,
12/14/06,5.08,,,,,,
12/15/06,5.08,,,,,,
12/16/06,14.48,,,,,,
12/17/06,14.48,,,,,,
12/18/06,14.48,,,,,,
12/19/06,0,,,,,,
12/20/06,1.27,,,,,,
12/21/06,1.27,,,,,,
12/22/06,10.16,,,,,,
12/23/06,4.83,,,,,,
12/24/06,4.83,,,,,,
12/25/06,4.83,,,,,,
12/26/06,4.83,,,,,,
12/27/06,3.05,,,,,,
12/28/06,13.97,,,,,,
12/29/06,5.59,,,,,,
12/30/06,14.73,,,,,,
12/31/06,14.73,,,,,,
1/1/07,14.73,,,,,,
1/2/07,14.73,,,,,,
1/3/07,1.52,,,,,,
1/4/07,25.4,,,,,,
1/5/07,5.84,,,,,,
1/6/07,5.84,,,,,,
1/7/07,5.84,,,,,,
1/8/07,5.84,,,,,,
1/9/07,5.84,,,,,,
1/10/07,0.25,,,,,,
1/11/07,0,,,,,,
1/12/07,9.14,,,,,,
1/13/07,14.48,,,,,,
1/14/07,14.48,,,,,,
1/15/07,14.48,,,,,,
1/16/07,14.48,,,,,,
1/17/07,5.33,,,,,,
1/18/07,22.86,,,,,,
1/19/07,6.35,,,,,,
1/20/07,5.84,,,,,,
1/21/07,5.84,,,,,,
1/22/07,5.84,,,,,,
1/23/07,4.06,,,,,,
1/24/07,0,,,,,,
1/25/07,0,,,,,,
1/26/07,0,,,,,,
1/27/07,0,,,,,,
1/28/07,0,,,,,,
1/29/07,0,,,,,,
1/30/07,0,,,,,,
1/31/07,0.25,,,,,,
2/1/07,0.25,,,,,,
2/2/07,4.06,,,,,,
2/3/07,6.18,,,,,,
2/4/07,6.18,,,,,,
2/5/07,6.18,,,,,,
2/6/07,2.54,,,,,,
2/7/07,0.25,,,,,,
2/8/07,0,,,,,,
2/9/07,0,,,,,,
2/10/07,0,,,,,,
2/11/07,0,,,,,,
2/12/07,0,,,,,,
2/13/07,0,,,,,,
2/14/07,0,,,,,,
2/15/07,0,,,,,,
2/16/07,0,,,,,,
2/17/07,9.91,,,,,,
2/18/07,9.91,,,,,,
2/19/07,9.91,,,,,,
2/20/07,9.91,,,,,,
2/21/07,38.86,,,,,,
2/22/07,4.06,,,,,,
2/23/07,0,,,,,,
2/24/07,0,,,,,,
2/25/07,0,,,,,,
2/26/07,0,,,,,,
2/27/07,0,,,,,,
2/28/07,4.57,,,,,,
3/1/07,0,,,,,,
3/2/07,10.92,,,,,,
3/3/07,0,,,,,,
3/4/07,0,,,,,,
3/5/07,0,,,,,,
3/6/07,22.1,,,,,,
3/7/07,1.78,,,,,,
3/8/07,0,,,,,,
3/9/07,0,,,,,,
3/10/07,0,,,,,,
3/11/07,0,,,,,,
3/12/07,0,,,,,,
3/13/07,0,,,,,,
3/14/07,19.05,,,,,,
3/15/07,1.52,,,,,,
3/16/07,8.13,,,,,,
3/17/07,0.17,,,,,,
3/18/07,0.17,,,,,,
3/19/07,0.17,,,,,,
3/20/07,1.27,,,,,,
3/21/07,4.32,,,,,,
3/22/07,11.68,,,,,,
3/23/07,11.68,,,,,,
3/24/07,1.19,,,,,,
3/25/07,1.19,,,,,,
3/26/07,1.19,,,,,,
3/27/07,16.76,,,,,,
3/28/07,5.08,,,,,,
3/29/07,120.65,,,,,,
3/30/07,25.65,,,,,,
3/31/07,0,,,,,,
4/1/07,1.14,,,,,,
4/2/07,1.14,,,,,,
4/3/07,0.51,,,,,,
4/4/07,19.05,,,,,,
4/5/07,0,,,,,,
4/6/07,0,,,,,,
4/7/07,0,,,,,,
4/8/07,0,,,,,,
4/9/07,0,,,,,,
4/10/07,0,,,,,,
4/11/07,0,,,,,,
4/12/07,0,,,,,,
4/13/07,0,,,,,,
4/14/07,0.25,,,,,,
4/15/07,0.25,,,,,,
4/16/07,0.25,,,,,,
4/17/07,0.25,,,,,,
4/18/07,39.37,,,,,,
4/19/07,3.3,,,,,,
4/20/07,0,,,,,,
4/21/07,50.04,,,,,,
4/22/07,50.04,,,,,,
4/23/07,50.04,,,,,,
4/24/07,45.72,,,,,,
4/25/07,42.16,,,,,,
4/26/07,68.07,,,,,,
4/27/07,18.54,,,,,,
4/28/07,10.75,,,,,,
4/29/07,10.75,,,,,,
4/30/07,10.75,,,,,,
5/1/07,29.97,,,,,,
5/2/07,34.8,,,,,,
5/3/07,12.7,,,,,,
5/4/07,0.51,,,,,,
5/5/07,1.35,,,,,,
5/6/07,1.35,,,,,,
5/7/07,1.35,,,,,,
5/8/07,0.51,,,,,,
5/9/07,2.79,,,,,,
5/10/07,0,,,,,,
5/11/07,1.78,,,,,,
5/12/07,0,,,,,,
5/13/07,0,,,,,,
5/14/07,0,,,,,,
5/15/07,0,,,,,,
5/16/07,0,,,,,,
5/17/07,0,,,,,,
5/18/07,0,,,,,,
5/19/07,0,,,,,,
5/20/07,0,,,,,,
5/21/07,0,,,,,,
5/22/07,1.78,,,,,,
5/23/07,1.02,,,,,,
5/24/07,5.84,,,,,,
5/25/07,0.51,,,,,,
5/26/07,1.27,,,,,,
5/27/07,1.27,,,,,,
5/28/07,1.27,,,,,,
5/29/07,1.27,,,,,,
5/30/07,0,,,,,,
5/31/07,5.33,,,,,,
6/1/07,6.6,,,,,,
6/2/07,7.62,,,,,,
6/3/07,7.62,,,,,,
6/4/07,7.62,,,,,,
6/5/07,0.25,,,,,,
6/6/07,0,,,,,,
6/7/07,3.3,,,,,,
6/8/07,60.45,,,,,,
6/9/07,12.53,,,,,,
6/10/07,12.53,,,,,,
6/11/07,12.53,,,,,,
6/12/07,6.1,,,,,,
6/13/07,6.35,,,,,,
6/14/07,2.54,,,,,,
6/15/07,0,,,,,,
6/16/07,6.52,,,,,,
6/17/07,6.52,,,,,,
6/18/07,6.52,,,,,,
6/19/07,0.76,,,,,,
6/20/07,10.41,,,,,,
6/21/07,0,,,,,,
6/22/07,0,,,,,,
6/23/07,2.2,,,,,,
6/24/07,2.2,,,,,,
6/25/07,2.2,,,,,,
6/26/07,33.53,,,,,,
6/27/07,4.83,,,,,,
6/28/07,24.89,,,,,,
6/29/07,5.84,,,,,,
6/30/07,0.68,,,,,,
7/1/07,0.68,,,,,,
7/2/07,0.68,,,,,,
7/3/07,0,,,,,,
7/4/07,8.47,,,,,,
7/5/07,8.47,,,,,,
7/6/07,8.47,,,,,,
7/7/07,8.47,,,,,,
7/8/07,8.47,,,,,,
7/9/07,8.47,,,,,,
7/10/07,0.25,,,,,,
7/11/07,7.62,,,,,,
7/12/07,0,,,,,,
7/13/07,4.57,,,,,,
7/14/07,11.37,,,,,,
7/15/07,11.37,,,,,,
7/16/07,11.37,,,,,,
7/17/07,11.37,,,,,,
7/18/07,67.56,,,,,,
7/19/07,37.34,,,,,,
7/20/07,0,,,,,,
7/21/07,11.35,,,,,,
7/22/07,11.35,,,,,,
7/23/07,11.35,,,,,,
7/24/07,0,,,,,,
7/25/07,0.64,,,,,,
7/26/07,0.64,,,,,,
7/27/07,2.54,,,,,,
7/28/07,2.54,,,,,,
7/29/07,2.54,,,,,,
7/30/07,2.54,,,,,,
7/31/07,3.81,,,,,,
8/1/07,1.02,,,,,,
8/2/07,0,,,,,,
8/3/07,0.76,,,,,,
8/4/07,8.64,,,,,,
8/5/07,8.64,,,,,,
8/6/07,8.64,,,,,,
8/7/07,13.46,,,,,,
8/8/07,42.93,,,,,,
8/9/07,12.7,,,,,,
8/10/07,14.73,,,,,,
8/11/07,2.29,,,,,,
8/12/07,2.29,,,,,,
8/13/07,2.29,,,,,,
8/14/07,0.76,,,,,,
8/15/07,0,,,,,,
8/16/07,9.14,,,,,,
8/17/07,3.81,,,,,,
8/18/07,12.87,,,,,,
8/19/07,12.87,,,,,,
8/20/07,12.87,,,,,,
8/21/07,13.46,,,,,,
8/22/07,17.78,,,,,,
8/23/07,1.52,,,,,,
8/24/07,48.26,,,,,,
8/25/07,2.73,,,,,,
8/26/07,2.73,,,,,,
8/27/07,2.73,,,,,,
8/28/07,2.73,,,,,,
8/29/07,6.6,,,,,,
8/30/07,0.76,,,,,,
8/31/07,11.94,,,,,,
9/1/07,13.08,,,,,,
9/2/07,13.08,,,,,,
9/3/07,13.08,,,,,,
9/4/07,13.08,,,,,,
9/5/07,0.76,,,,,,
9/6/07,0,,,,,,
9/7/07,0,,,,,,
9/8/07,6.1,,,,,,
9/9/07,6.1,,,,,,
9/10/07,6.1,,,,,,
9/11/07,3.3,,,,,,
9/12/07,0,,,,,,
9/13/07,1.78,,,,,,
9/14/07,16,,,,,,
9/15/07,17.53,,,,,,
9/16/07,17.53,,,,,,
9/17/07,17.53,,,,,,
9/18/07,0,,,,,,
9/19/07,0,,,,,,
9/20/07,6.35,,,,,,
9/21/07,0,,,,,,
9/22/07,12.45,,,,,,
9/23/07,12.45,,,,,,
9/24/07,12.45,,,,,,
9/25/07,0.76,,,,,,
9/26/07,11.68,,,,,,
9/27/07,0.76,,,,,,
9/28/07,64.52,,,,,,
9/29/07,16.09,,,,,,
9/30/07,16.09,,,,,,
10/1/07,16.09,,,,,,
10/2/07,1.02,,,,,,
10/3/07,2.29,,,,,,
10/4/07,4.57,,,,,,
10/5/07,2.29,,,,,,
10/6/07,2.71,,,,,,
10/7/07,2.71,,,,,,
10/8/07,2.71,,,,,,
10/9/07,3.81,,,,,,
10/10/07,0,,,,,,
10/11/07,9.65,,,,,,
10/12/07,0,,,,,,
10/13/07,0,,,,,,
10/14/07,0,,,,,,
10/15/07,25.4,,,,,,
10/16/07,0,,,,,,
10/17/07,2.03,,,,,,
10/18/07,0,,,,,,
10/19/07,2.86,,,,,,
10/20/07,2.86,,,,,,
10/21/07,2.86,,,,,,
10/22/07,2.86,,,,,,
10/23/07,9.14,,,,,,
10/24/07,11.68,,,,,,
10/25/07,26.67,,,,,,
10/26/07,26.67,,,,,,
10/27/07,63.58,,,,,,
10/28/07,63.58,,,,,,
10/29/07,63.58,,,,,,
10/30/07,14.73,,,,,,
10/31/07,4.32,,,,,,
11/1/07,5.59,,,,,,
11/2/07,0.51,,,,,,
11/3/07,2.79,,,,,,
11/4/07,2.79,,,,,,
11/5/07,2.79,,,,,,
11/6/07,1.52,,,,,,
11/7/07,0.76,,,,,,
11/8/07,0.51,,,,,,
11/9/07,0,,,,,,
11/10/07,9.72,,,,,,
11/11/07,9.72,,,,,,
11/12/07,9.72,,,,,,
11/13/07,9.72,,,,,,
11/14/07,14.22,,,,,,
11/15/07,1.02,,,,,,
11/16/07,0,,,,,,
11/17/07,9.84,,,,,,
11/18/07,9.84,,,,,,
11/19/07,9.84,,,,,,
11/20/07,9.84,,,,,,
11/21/07,8.38,,,,,,
11/22/07,10.58,,,,,,
11/23/07,10.58,,,,,,
11/24/07,10.58,,,,,,
11/25/07,10.58,,,,,,
11/26/07,10.58,,,,,,
11/27/07,10.58,,,,,,
11/28/07,0.76,,,,,,
11/29/07,12.19,,,,,,
11/30/07,33.53,,,,,,
12/1/07,26.84,,,,,,
12/2/07,26.84,,,,,,
12/3/07,26.84,,,,,,
12/4/07,4.06,,,,,,
12/5/07,14.48,,,,,,
12/6/07,2.54,,,,,,
12/7/07,1.02,,,,,,
12/8/07,17.27,,,,,,
12/9/07,17.27,,,,,,
12/10/07,17.27,,,,,,
12/11/07,101.6,,,,,,
12/12/07,61.21,,,,,,
12/13/07,9.4,,,,,,
12/14/07,34.29,,,,,,
12/15/07,14.99,,,,,,
12/16/07,14.99,,,,,,
12/17/07,14.99,,,,,,
12/18/07,5.59,,,,,,
12/19/07,1.78,,,,,,
12/20/07,5.08,,,,,,
12/21/07,1.78,,,,,,
12/22/07,7.01,,,,,,
12/23/07,7.01,,,,,,
12/24/07,7.01,,,,,,
12/25/07,7.01,,,,,,
12/26/07,7.01,,,,,,
12/27/07,8.64,,,,,,
12/28/07,41.15,,,,,,
12/29/07,3.68,,,,,,
12/30/07,3.68,,,,,,
12/31/07,3.68,,,,,,
1/1/08,3.68,,,,,,
1/2/08,10.16,,,,,,
1/3/08,0.76,,,,,,
1/4/08,0,,,,,,
1/5/08,26.54,,,,,,
1/6/08,26.54,,,,,,
1/7/08,26.54,,,,,,
1/8/08,26.54,,,,,,
1/9/08,1.02,,,,,,
1/10/08,33.78,,,,,,
1/11/08,5.59,,,,,,
1/12/08,5.33,,,,,,
1/13/08,5.33,,,,,,
1/14/08,5.33,,,,,,
1/15/08,5.33,,,,,,
1/16/08,7.11,,,,,,
1/17/08,7.87,,,,,,
1/18/08,22.35,,,,,,
1/19/08,5.84,,,,,,
1/20/08,25.48,,,,,,
1/21/08,25.48,,,,,,
1/22/08,25.48,,,,,,
1/23/08,7.11,,,,,,
1/24/08,6.1,,,,,,
1/25/08,5.84,,,,,,
1/26/08,0.17,,,,,,
1/27/08,0.17,,,,,,
1/28/08,0.17,,,,,,
1/29/08,7.62,,,,,,
1/30/08,13.97,,,,,,
1/31/08,2.54,,,,,,
2/1/08,7.62,,,,,,
2/2/08,7.7,,,,,,
2/3/08,7.7,,,,,,
2/4/08,7.7,,,,,,
2/5/08,2.03,,,,,,
2/6/08,11.94,,,,,,
2/7/08,17.53,,,,,,
2/8/08,15.49,,,,,,
2/9/08,3.89,,,,,,
2/10/08,3.89,,,,,,
2/11/08,3.89,,,,,,
2/12/08,0.76,,,,,,
2/13/08,8.64,,,,,,
2/14/08,13.21,,,,,,
2/15/08,5.33,,,,,,
2/16/08,6.99,,,,,,
2/17/08,6.99,,,,,,
2/18/08,6.99,,,,,,
2/19/08,6.99,,,,,,
2/20/08,11.43,,,,,,
2/21/08,17.78,,,,,,
2/22/08,11.43,,,,,,
2/23/08,3.64,,,,,,
2/24/08,3.64,,,,,,
2/25/08,3.64,,,,,,
2/26/08,0,,,,,,
2/27/08,8.89,,,,,,
2/28/08,9.4,,,,,,
2/29/08,12.19,,,,,,
3/1/08,8.47,,,,,,
3/2/08,8.47,,,,,,
3/3/08,8.47,,,,,,
3/4/08,0,,,,,,
3/5/08,8.64,,,,,,
3/6/08,12.95,,,,,,
3/7/08,12.7,,,,,,
3/8/08,5.93,,,,,,
3/9/08,5.93,,,,,,
3/10/08,5.93,,,,,,
3/11/08,7.62,,,,,,
3/12/08,0.51,,,,,,
3/13/08,0,,,,,,
3/14/08,0,,,,,,
3/15/08,4.4,,,,,,
3/16/08,4.4,,,,,,
3/17/08,4.4,,,,,,
3/18/08,0,,,,,,
3/19/08,14.48,,,,,,
3/20/08,6.25,,,,,,
3/21/08,6.25,,,,,,
3/22/08,6.25,,,,,,
3/23/08,6.25,,,,,,
3/24/08,6.25,,,,,,
3/25/08,0.76,,,,,,
3/26/08,7.87,,,,,,
3/27/08,4.06,,,,,,
3/28/08,6.6,,,,,,
3/29/08,0.25,,,,,,
3/30/08,0.25,,,,,,
3/31/08,0.25,,,,,,
4/1/08,9.14,,,,,,
4/2/08,20.32,,,,,,
4/3/08,104.14,,,,,,
4/4/08,17.78,,,,,,
4/5/08,6.18,,,,,,
4/6/08,6.18,,,,,,
4/7/08,6.18,,,,,,
4/8/08,0,,,,,,
4/9/08,22.35,,,,,,
4/10/08,0,,,,,,
4/11/08,0,,,,,,
4/12/08,3.3,,,,,,
4/13/08,3.3,,,,,,
4/14/08,3.3,,,,,,
4/15/08,2.03,,,,,,
4/16/08,0.76,,,,,,
4/17/08,0.25,,,,,,
4/18/08,0,,,,,,
4/19/08,0.25,,,,,,
4/20/08,0.25,,,,,,
4/21/08,0.25,,,,,,
4/22/08,0.25,,,,,,
4/23/08,0,,,,,,
4/24/08,0,,,,,,
4/25/08,35.56,,,,,,
4/26/08,17.36,,,,,,
4/27/08,17.36,,,,,,
4/28/08,17.36,,,,,,
4/29/08,7.37,,,,,,
4/30/08,2.29,,,,,,
5/1/08,2.29,,,,,,
5/2/08,1.02,,,,,,
5/3/08,5.33,,,,,,
5/4/08,5.33,,,,,,
5/5/08,5.33,,,,,,
5/6/08,1.02,,,,,,
5/7/08,0,,,,,,
5/8/08,0,,,,,,
5/9/08,0,,,,,,
5/10/08,0,,,,,,
5/11/08,0,,,,,,
5/12/08,0,,,,,,
5/13/08,0,,,,,,
5/14/08,0,,,,,,
5/15/08,0,,,,,,
5/16/08,2.03,,,,,,
5/17/08,0.76,,,,,,
5/18/08,0.76,,,,,,
5/19/08,0.76,,,,,,
5/20/08,0,,,,,,
5/21/08,2.03,,,,,,
5/22/08,32.26,,,,,,
5/23/08,14.73,,,,,,
5/24/08,1.14,,,,,,
5/25/08,1.14,,,,,,
5/26/08,1.14,,,,,,
5/27/08,1.14,,,,,,
5/28/08,10.16,,,,,,
5/29/08,10.16,,,,,,
5/30/08,0.76,,,,,,
5/31/08,0.76,,,,,,
6/1/08,0.76,,,,,,
6/2/08,19.05,,,,,,
6/3/08,10.92,,,,,,
6/4/08,54.1,,,,,,
6/5/08,17.53,,,,,,
6/6/08,3.3,,,,,,
6/7/08,0,,,,,,
6/8/08,0,,,,,,
6/9/08,0,,,,,,
6/10/08,0,,,,,,
6/11/08,0,,,,,,
6/12/08,8.38,,,,,,
6/13/08,10.41,,,,,,
6/14/08,6.43,,,,,,
6/15/08,6.43,,,,,,
6/16/08,6.43,,,,,,
6/17/08,0,,,,,,
6/18/08,0,,,,,,
6/19/08,2.03,,,,,,
6/20/08,4.83,,,,,,
6/21/08,8.04,,,,,,
6/22/08,8.04,,,,,,
6/23/08,8.04,,,,,,
6/24/08,5.59,,,,,,
6/25/08,0,,,,,,
6/26/08,2.54,,,,,,
6/27/08,10.16,,,,,,
6/28/08,6.77,,,,,,
6/29/08,6.77,,,,,,
6/30/08,6.77,,,,,,
7/1/08,1.27,,,,,,
7/2/08,24.13,,,,,,
7/3/08,4.83,,,,,,
7/4/08,8.64,,,,,,
7/5/08,8.64,,,,,,
7/6/08,8.64,,,,,,
7/7/08,8.64,,,,,,
7/8/08,3.81,,,,,,
7/9/08,24.13,,,,,,
7/10/08,4.83,,,,,,
7/11/08,15.24,,,,,,
7/12/08,0.42,,,,,,
7/13/08,0.42,,,,,,
7/14/08,0.42,,,,,,
7/15/08,18.29,,,,,,
7/16/08,15.24,,,,,,
7/17/08,0,,,,,,
7/18/08,8.89,,,,,,
7/19/08,0.51,,,,,,
7/20/08,0.51,,,,,,
7/21/08,0.51,,,,,,
7/22/08,0.51,,,,,,
7/23/08,0,,,,,,
7/24/08,6.86,,,,,,
7/25/08,0.81,,,,,,
7/26/08,0.81,,,,,,
7/27/08,0.81,,,,,,
7/28/08,0.81,,,,,,
7/29/08,0.81,,,,,,
7/30/08,9.65,,,,,,
7/31/08,7.11,,,,,,
8/1/08,56.9,,,,,,
8/2/08,27.43,,,,,,
8/3/08,27.43,,,,,,
8/4/08,27.43,,,,,,
8/5/08,1.02,,,,,,
8/6/08,0,,,,,,
8/7/08,5.59,,,,,,
8/8/08,0,,,,,,
8/9/08,3.22,,,,,,
8/10/08,3.22,,,,,,
8/11/08,3.22,,,,,,
8/12/08,0,,,,,,
8/13/08,1.78,,,,,,
8/14/08,4.83,,,,,,
8/15/08,17.91,,,,,,
8/16/08,17.91,,,,,,
8/17/08,17.91,,,,,,
8/18/08,17.91,,,,,,
8/19/08,0,,,,,,
8/20/08,1.52,,,,,,
8/21/08,4.06,,,,,,
8/22/08,5.84,,,,,,
8/23/08,10.41,,,,,,
8/24/08,10.41,,,,,,
8/25/08,10.41,,,,,,
8/26/08,19.56,,,,,,
8/27/08,5.08,,,,,,
8/28/08,2.79,,,,,,
8/29/08,0,,,,,,
8/30/08,8.19,,,,,,
8/31/08,8.19,,,,,,
9/1/08,8.19,,,,,,
9/2/08,8.19,,,,,,
9/3/08,84.46,,,,,,
9/4/08,84.46,,,,,,
9/5/08,12.7,,,,,,
9/6/08,35.73,,,,,,
9/7/08,35.73,,,,,,
9/8/08,35.73,,,,,,
9/9/08,2.79,,,,,,
9/10/08,8.89,,,,,,
9/11/08,0,,,,,,
9/12/08,18.54,,,,,,
9/13/08,5.42,,,,,,
9/14/08,5.42,,,,,,
9/15/08,5.42,,,,,,
9/16/08,0,,,,,,
9/17/08,0,,,,,,
9/18/08,0,,,,,,
9/19/08,11.94,,,,,,
9/20/08,77.89,,,,,,
9/21/08,77.89,,,,,,
9/22/08,77.89,,,,,,
9/23/08,63.5,,,,,,
9/24/08,19.81,,,,,,
9/25/08,4.83,,,,,,
9/26/08,5.59,,,,,,
9/27/08,3.3,,,,,,
9/28/08,3.3,,,,,,
9/29/08,3.3,,,,,,
9/30/08,0,,,,,,
10/1/08,2.54,,,,,,
10/2/08,0,,,,,,
10/3/08,1.78,,,,,,
10/4/08,7.62,,,,,,
10/5/08,7.62,,,,,,
10/6/08,25.4,,,,,,
10/7/08,0,,,,,,
10/8/08,14.99,,,,,,
10/9/08,0.25,,,,,,
10/10/08,2.79,,,,,,
10/11/08,43.05,,,,,,
10/12/08,43.05,,,,,,
10/13/08,43.05,,,,,,
10/14/08,43.05,,,,,,
10/15/08,41.91,,,,,,
10/16/08,41.91,,,,,,
10/17/08,0.25,,,,,,
10/18/08,0.93,,,,,,
10/19/08,0.93,,,,,,
10/20/08,0.93,,,,,,
10/21/08,1.02,,,,,,
10/22/08,0,,,,,,
10/23/08,11.18,,,,,,
10/24/08,9.4,,,,,,
10/25/08,2.2,,,,,,
10/26/08,2.2,,,,,,
10/27/08,2.2,,,,,,
10/28/08,0,,,,,,
10/29/08,0.51,,,,,,
10/30/08,30.73,,,,,,
10/31/08,13.46,,,,,,
11/1/08,5.67,,,,,,
11/2/08,5.67,,,,,,
11/3/08,5.67,,,,,,
11/4/08,0.51,,,,,,
11/5/08,0.51,,,,,,
11/6/08,0.25,,,,,,
11/7/08,0,,,,,,
11/8/08,6.86,,,,,,
11/9/08,6.86,,,,,,
11/10/08,6.86,,,,,,
11/11/08,4.57,,,,,,
11/12/08,4.57,,,,,,
11/13/08,34.8,,,,,,
11/14/08,17.78,,,,,,
11/15/08,10.33,,,,,,
11/16/08,10.33,,,,,,
11/17/08,10.33,,,,,,
11/18/08,0.51,,,,,,
11/19/08,1.78,,,,,,
11/20/08,1.78,,,,,,
11/21/08,0.51,,,,,,
11/22/08,11.09,,,,,,
11/23/08,11.09,,,,,,
11/24/08,11.09,,,,,,
11/25/08,2.54,,,,,,
11/26/08,0,,,,,,
11/27/08,6.6,,,,,,
11/28/08,6.6,,,,,,
11/29/08,6.6,,,,,,
11/30/08,6.6,,,,,,
12/1/08,6.6,,,,,,
12/2/08,14.22,,,,,,
12/3/08,11.18,,,,,,
12/4/08,24.13,,,,,,
12/5/08,5.84,,,,,,
12/6/08,4.91,,,,,,
12/7/08,4.91,,,,,,
12/8/08,4.91,,,,,,
12/9/08,2.54,,,,,,
12/10/08,16.26,,,,,,
12/11/08,11.68,,,,,,
12/12/08,0.76,,,,,,
12/13/08,9.31,,,,,,
12/14/08,9.31,,,,,,
12/15/08,9.31,,,,,,
12/16/08,15.75,,,,,,
12/17/08,1.02,,,,,,
12/18/08,0.25,,,,,,
12/19/08,1.78,,,,,,
12/20/08,10.41,,,,,,
12/21/08,10.41,,,,,,
12/22/08,10.41,,,,,,
12/23/08,6.35,,,,,,
12/24/08,14.82,,,,,,
12/25/08,14.82,,,,,,
12/26/08,14.82,,,,,,
12/27/08,14.82,,,,,,
12/28/08,14.82,,,,,,
12/29/08,14.82,,,,,,
12/30/08,0,,,,,,
12/31/08,0,,,,,,
1/1/09,4.98,,,,,,
1/2/09,4.98,,,,,,
1/3/09,4.98,,,,,,
1/4/09,4.98,,,,,,
1/5/09,4.98,,,,,,
1/6/09,3.05,,,,,,
1/7/09,3.05,,,,,,
1/8/09,3.05,,,,,,
1/9/09,6.6,,,,,,
1/10/09,7.3,,,,,,
1/11/09,7.3,,,,,,
1/12/09,7.3,,,,,,
1/13/09,7.3,,,,,,
1/14/09,5.08,,,,,,
1/15/09,5.59,,,,,,
1/16/09,22.1,,,,,,
1/17/09,17.46,,,,,,
1/18/09,17.46,,,,,,
1/19/09,17.46,,,,,,
1/20/09,17.46,,,,,,
1/21/09,23.62,,,,,,
1/22/09,7.62,,,,,,
1/23/09,0,,,,,,
1/24/09,1.27,,,,,,
1/25/09,1.27,,,,,,
1/26/09,1.27,,,,,,
1/27/09,2.79,,,,,,
1/28/09,19.56,,,,,,
1/29/09,6.1,,,,,,
1/30/09,13.97,,,,,,
1/31/09,0,,,,,,
2/1/09,0.13,,,,,,
2/2/09,0.13,,,,,,
2/3/09,0,,,,,,
2/4/09,1.78,,,,,,
2/5/09,0,,,,,,
2/6/09,0,,,,,,
2/7/09,17.61,,,,,,
2/8/09,17.61,,,,,,
2/9/09,17.61,,,,,,
2/10/09,3.3,,,,,,
2/11/09,42.16,,,,,,
2/12/09,1.27,,,,,,
2/13/09,5.59,,,,,,
2/14/09,1.02,,,,,,
2/15/09,1.02,,,,,,
2/16/09,1.02,,,,,,
2/17/09,1.02,,,,,,
2/18/09,4.06,,,,,,
2/19/09,11.18,,,,,,
2/20/09,0,,,,,,
2/21/09,6.01,,,,,,
2/22/09,6.01,,,,,,
2/23/09,6.01,,,,,,
2/24/09,1.78,,,,,,
2/25/09,0,,,,,,
2/26/09,0.51,,,,,,
2/27/09,0.7,,,,,,
2/28/09,0.7,,,,,,
3/1/09,0.7,,,,,,
3/2/09,0.7,,,,,,
3/3/09,1.52,,,,,,
3/4/09,19.3,,,,,,
3/5/09,58.17,,,,,,
3/6/09,63.5,,,,,,
3/7/09,0,,,,,,
3/8/09,0,,,,,,
3/9/09,0,,,,,,
3/10/09,0,,,,,,
3/11/09,0,,,,,,
3/12/09,2.29,,,,,,
3/13/09,2.54,,,,,,
3/14/09,12.7,,,,,,
3/15/09,12.7,,,,,,
3/16/09,24.64,,,,,,
3/17/09,19.3,,,,,,
3/18/09,0,,,,,,
3/19/09,0,,,,,,
3/20/09,0,,,,,,
3/21/09,0,,,,,,
3/22/09,0,,,,,,
3/23/09,32.51,,,,,,
3/24/09,32.51,,,,,,
3/25/09,0,,,,,,
3/26/09,48.01,,,,,,
3/27/09,0,,,,,,
3/28/09,0.25,,,,,,
3/29/09,0.25,,,,,,
3/30/09,0.25,,,,,,
3/31/09,9.65,,,,,,
4/1/09,21.34,,,,,,
4/2/09,0,,,,,,
4/3/09,0,,,,,,
4/4/09,0.51,,,,,,
4/5/09,0.51,,,,,,
4/6/09,3.05,,,,,,
4/7/09,0,,,,,,
4/8/09,0,,,,,,
4/9/09,2.08,,,,,,
4/10/09,2.08,,,,,,
4/11/09,2.08,,,,,,
4/12/09,2.08,,,,,,
4/13/09,2.08,,,,,,
4/14/09,3.3,,,,,,
4/15/09,6.86,,,,,,
4/16/09,0.25,,,,,,
4/17/09,0,,,,,,
4/18/09,7.94,,,,,,
4/19/09,7.94,,,,,,
4/20/09,7.94,,,,,,
4/21/09,7.94,,,,,,
4/22/09,13.97,,,,,,
4/23/09,1.02,,,,,,
4/24/09,7.62,,,,,,
4/25/09,10.75,,,,,,
4/26/09,10.75,,,,,,
4/27/09,10.75,,,,,,
4/28/09,9.4,,,,,,
4/29/09,32.51,,,,,,
4/30/09,11.43,,,,,,
5/1/09,5.59,,,,,,
5/2/09,7.87,,,,,,
5/3/09,7.87,,,,,,
5/4/09,7.87,,,,,,
5/5/09,7.87,,,,,,
5/6/09,44.45,,,,,,
5/7/09,62.23,,,,,,
5/8/09,21.59,,,,,,
5/9/09,7.75,,,,,,
5/10/09,7.75,,,,,,
5/11/09,7.75,,,,,,
5/12/09,7.75,,,,,,
5/13/09,101.6,,,,,,
5/14/09,6.6,,,,,,
5/15/09,45.72,,,,,,
5/16/09,22.23,,,,,,
5/17/09,22.23,,,,,,
5/18/09,22.23,,,,,,
5/19/09,22.23,,,,,,
5/20/09,8.89,,,,,,
5/21/09,7.11,,,,,,
5/22/09,9.4,,,,,,
5/23/09,1.27,,,,,,
5/24/09,1.27,,,,,,
5/25/09,1.27,,,,,,
5/26/09,1.27,,,,,,
5/27/09,18.29,,,,,,
5/28/09,0,,,,,,
5/29/09,0,,,,,,
5/30/09,0,,,,,,
5/31/09,0,,,,,,
6/1/09,0,,,,,,
6/2/09,16.26,,,,,,
6/3/09,74.3,,,,,,
6/4/09,74.3,,,,,,
6/5/09,4.7,,,,,,
6/6/09,4.7,,,,,,
6/7/09,4.7,,,,,,
6/8/09,4.7,,,,,,
6/9/09,1.27,,,,,,
6/10/09,6.6,,,,,,
6/11/09,10.41,,,,,,
6/12/09,5.69,,,,,,
6/13/09,5.69,,,,,,
6/14/09,5.69,,,,,,
6/15/09,5.69,,,,,,
6/16/09,5.69,,,,,,
6/17/09,4.32,,,,,,
6/18/09,1.78,,,,,,
6/19/09,1.78,,,,,,
6/20/09,6.1,,,,,,
6/21/09,6.1,,,,,,
6/22/09,6.1,,,,,,
6/23/09,0.51,,,,,,
6/24/09,5.33,,,,,,
6/25/09,0,,,,,,
6/26/09,0.25,,,,,,
6/27/09,0.25,,,,,,
6/28/09,0.25,,,,,,
6/29/09,0.25,,,,,,
6/30/09,0.25,,,,,,
7/1/09,9.4,,,,,,
7/2/09,0,,,,,,
7/3/09,5.59,,,,,,
7/4/09,35.56,,,,,,
7/5/09,35.56,,,,,,
7/6/09,35.56,,,,,,
7/7/09,0.25,,,,,,
7/8/09,0,,,,,,
7/9/09,7.11,,,,,,
7/10/09,4.06,,,,,,
7/11/09,7.79,,,,,,
7/12/09,7.79,,,,,,
7/13/09,7.79,,,,,,
7/14/09,2.29,,,,,,
7/15/09,4.32,,,,,,
7/16/09,0,,,,,,
7/17/09,3.3,,,,,,
7/18/09,16.83,,,,,,
7/19/09,16.83,,,,,,
7/20/09,16.83,,,,,,
7/21/09,16.83,,,,,,
7/22/09,105.66,,,,,,
7/23/09,0.51,,,,,,
7/24/09,0,,,,,,
7/25/09,6.16,,,,,,
7/26/09,6.16,,,,,,
7/27/09,6.16,,,,,,
7/28/09,6.16,,,,,,
7/29/09,8.89,,,,,,
7/30/09,8.38,,,,,,
7/31/09,5.08,,,,,,
8/1/09,10.84,,,,,,
8/2/09,10.84,,,,,,
8/3/09,10.84,,,,,,
8/4/09,5.08,,,,,,
8/5/09,9.4,,,,,,
8/6/09,0.51,,,,,,
8/7/09,15.24,,,,,,
8/8/09,10.58,,,,,,
8/9/09,10.58,,,,,,
8/10/09,10.58,,,,,,
8/11/09,3.05,,,,,,
8/12/09,22.35,,,,,,
8/13/09,12.7,,,,,,
8/14/09,21.59,,,,,,
8/15/09,25.74,,,,,,
8/16/09,25.74,,,,,,
8/17/09,25.74,,,,,,
8/18/09,0,,,,,,
8/19/09,7.62,,,,,,
8/20/09,39.37,,,,,,
8/21/09,38.61,,,,,,
8/22/09,19.9,,,,,,
8/23/09,19.9,,,,,,
8/24/09,19.9,,,,,,
8/25/09,28.7,,,,,,
8/26/09,0.51,,,,,,
8/27/09,0,,,,,,
8/28/09,4.06,,,,,,
8/29/09,14.39,,,,,,
8/30/09,14.39,,,,,,
8/31/09,14.39,,,,,,
9/1/09,0.25,,,,,,
9/2/09,1.78,,,,,,
9/3/09,16,,,,,,
9/4/09,22.56,,,,,,
9/5/09,22.56,,,,,,
9/6/09,22.56,,,,,,
9/7/09,22.56,,,,,,
9/8/09,22.56,,,,,,
9/9/09,12.7,,,,,,
9/10/09,5.08,,,,,,
9/11/09,0,,,,,,
9/12/09,3.22,,,,,,
9/13/09,3.22,,,,,,
9/14/09,3.22,,,,,,
9/15/09,0.51,,,,,,
9/16/09,5.59,,,,,,
9/17/09,17.78,,,,,,
9/18/09,0.51,,,,,,
9/19/09,44.45,,,,,,
9/20/09,44.45,,,,,,
9/21/09,44.45,,,,,,
9/22/09,18.8,,,,,,
9/23/09,9.14,,,,,,
9/24/09,9.14,,,,,,
9/25/09,0,,,,,,
9/26/09,0.17,,,,,,
9/27/09,0.17,,,,,,
9/28/09,0.17,,,,,,
9/29/09,0,,,,,,
9/30/09,0,,,,,,
10/1/09,0.51,,,,,,
10/2/09,11.37,,,,,,
10/3/09,11.37,,,,,,
10/4/09,11.37,,,,,,
10/5/09,11.37,,,,,,
10/6/09,1.02,,,,,,
10/7/09,0.51,,,,,,
10/8/09,0,,,,,,
10/9/09,11.68,,,,,,
10/10/09,13.53,,,,,,
10/11/09,13.53,,,,,,
10/12/09,13.53,,,,,,
10/13/09,13.53,,,,,,
10/14/09,13.97,,,,,,
10/15/09,14.22,,,,,,
10/16/09,14.22,,,,,,
10/17/09,1.61,,,,,,
10/18/09,1.61,,,,,,
10/19/09,1.61,,,,,,
10/20/09,1.02,,,,,,
10/21/09,0,,,,,,
10/22/09,0.51,,,,,,
10/23/09,0.51,,,,,,
10/24/09,1.27,,,,,,
10/25/09,1.27,,,,,,
10/26/09,1.27,,,,,,
10/27/09,0.25,,,,,,
10/28/09,5.33,,,,,,
10/29/09,1.02,,,,,,
10/30/09,3.43,,,,,,
10/31/09,3.43,,,,,,
11/1/09,3.43,,,,,,
11/2/09,3.43,,,,,,
11/3/09,14.73,,,,,,
11/4/09,73.15,,,,,,
11/5/09,7.11,,,,,,
11/6/09,4.06,,,,,,
11/7/09,32.39,,,,,,
11/8/09,32.39,,,,,,
11/9/09,32.39,,,,,,
11/10/09,32.39,,,,,,
11/11/09,7.11,,,,,,
11/12/09,7.11,,,,,,
11/13/09,0.25,,,,,,
11/14/09,10.67,,,,,,
11/15/09,10.67,,,,,,
11/16/09,10.67,,,,,,
11/17/09,1.02,,,,,,
11/18/09,25.4,,,,,,
11/19/09,27.3,,,,,,
11/20/09,27.3,,,,,,
11/21/09,3.22,,,,,,
11/22/09,3.22,,,,,,
11/23/09,3.22,,,,,,
11/24/09,8.89,,,,,,
11/25/09,19.56,,,,,,
11/26/09,0.61,,,,,,
11/27/09,0.61,,,,,,
11/28/09,0.61,,,,,,
11/29/09,0.61,,,,,,
11/30/09,0.61,,,,,,
12/1/09,0.51,,,,,,
12/2/09,6.35,,,,,,
12/3/09,5.33,,,,,,
12/4/09,6.35,,,,,,
12/5/09,6.94,,,,,,
12/6/09,6.94,,,,,,
12/7/09,6.94,,,,,,
12/8/09,3.05,,,,,,
12/9/09,6.1,,,,,,
12/10/09,19.81,,,,,,
12/11/09,7.81,,,,,,
12/12/09,7.81,,,,,,
12/13/09,7.81,,,,,,
12/14/09,7.81,,,,,,
12/15/09,4.32,,,,,,
12/16/09,8.89,,,,,,
12/17/09,0.76,,,,,,
12/18/09,0.76,,,,,,
12/19/09,6.35,,,,,,
12/20/09,6.35,,,,,,
12/21/09,6.35,,,,,,
12/22/09,0,,,,,,
12/23/09,0,,,,,,
12/24/09,6.71,,,,,,
12/25/09,6.71,,,,,,
12/26/09,6.71,,,,,,
12/27/09,6.71,,,,,,
12/28/09,6.71,,,,,,
12/29/09,0,,,,,,
12/30/09,32.81,,,,,,
12/31/09,32.81,,,,,,
1/1/10,32.81,,,,,,
1/2/10,32.81,,,,,,
1/3/10,32.81,,,,,,
1/4/10,32.81,,,,,,
1/5/10,0,,,,,,
1/6/10,13.79,,,,,,
1/7/10,13.79,,,,,,
1/8/10,13.79,,,,,,
1/9/10,13.79,,,,,,
1/10/10,13.79,,,,,,
1/11/10,13.79,,,,,,
1/12/10,13.79,,,,,,
1/13/10,1.02,,,,,,
1/14/10,134.62,,,,,,
1/15/10,223.52,,,,,,
1/16/10,21.46,,,,,,
1/17/10,21.46,,,,,,
1/18/10,14.35,,,,,,
1/19/10,14.35,,,,,,
1/20/10,9.4,,,,,,
1/21/10,1.02,,,,,,
1/22/10,16.51,,,,,,
1/23/10,6.1,,,,,,
1/24/10,6.1,,,,,,
1/25/10,6.1,,,,,,
1/26/10,8.64,,,,,,
1/27/10,0,,,,,,
1/28/10,5.59,,,,,,
1/29/10,6.99,,,,,,
1/30/10,6.99,,,,,,
1/31/10,6.99,,,,,,
2/1/10,6.99,,,,,,
2/2/10,2.54,,,,,,
2/3/10,0.25,,,,,,
2/4/10,0,,,,,,
2/5/10,0,,,,,,
2/6/10,0,,,,,,
2/7/10,0,,,,,,
2/8/10,0,,,,,,
2/9/10,5.84,,,,,,
2/10/10,0,,,,,,
2/11/10,0,,,,,,
2/12/10,10.16,,,,,,
2/13/10,0,,,,,,
2/14/10,0,,,,,,
2/15/10,0,,,,,,
2/16/10,0,,,,,,
2/17/10,0,,,,,,
2/18/10,0,,,,,,
2/19/10,27.18,,,,,,
2/20/10,61.13,,,,,,
2/21/10,61.13,,,,,,
2/22/10,61.13,,,,,,
2/23/10,0.76,,,,,,
2/24/10,0,,,,,,
2/25/10,0,,,,,,
2/26/10,0.76,,,,,,
2/27/10,21.42,,,,,,
2/28/10,21.42,,,,,,
3/1/10,21.42,,,,,,
3/2/10,0,,,,,,
3/3/10,0,,,,,,
3/4/10,0,,,,,,
3/5/10,0,,,,,,
3/6/10,71.12,,,,,,
3/7/10,71.12,,,,,,
3/8/10,71.12,,,,,,
3/9/10,0.25,,,,,,
3/10/10,10.16,,,,,,
3/11/10,9.4,,,,,,
3/12/10,4.19,,,,,,
3/13/10,4.19,,,,,,
3/14/10,4.19,,,,,,
3/15/10,4.19,,,,,,
3/16/10,0,,,,,,
3/17/10,0,,,,,,
3/18/10,0,,,,,,
3/19/10,0,,,,,,
3/20/10,0.7,,,,,,
3/21/10,0.7,,,,,,
3/22/10,0.7,,,,,,
3/23/10,0.7,,,,,,
3/24/10,0,,,,,,
3/25/10,0,,,,,,
3/26/10,1.27,,,,,,
3/27/10,0.44,,,,,,
3/28/10,0.44,,,,,,
3/29/10,0.44,,,,,,
3/30/10,0.44,,,,,,
3/31/10,0,,,,,,
4/1/10,1.63,,,,,,
4/2/10,1.63,,,,,,
4/3/10,1.63,,,,,,
4/4/10,1.63,,,,,,
4/5/10,1.63,,,,,,
4/6/10,9.4,,,,,,
4/7/10,4.32,,,,,,
4/8/10,0,,,,,,
4/9/10,7.62,,,,,,
4/10/10,14.73,,,,,,
4/11/10,14.73,,,,,,
4/12/10,14.73,,,,,,
4/13/10,24.38,,,,,,
4/14/10,94.74,,,,,,
4/15/10,42.16,,,,,,
4/16/10,8.38,,,,,,
4/17/10,6.03,,,,,,
4/18/10,6.03,,,,,,
4/19/10,6.03,,,,,,
4/20/10,6.03,,,,,,
4/21/10,0,,,,,,
4/22/10,22.35,,,,,,
4/23/10,35.56,,,,,,
4/24/10,81.28,,,,,,
4/25/10,81.28,,,,,,
4/26/10,81.28,,,,,,
4/27/10,2.79,,,,,,
4/28/10,0,,,,,,
4/29/10,0,,,,,,
4/30/10,0.51,,,,,,
5/1/10,41.06,,,,,,
5/2/10,41.06,Vaguada,,,,,
5/3/10,41.06,,,,,,
5/4/10,12.95,,,,,,
5/5/10,16,,,,,,
5/6/10,0.25,,,,,,
5/7/10,38.1,,,,,,
5/8/10,56.73,,,,,,
5/9/10,56.73,,,,,,
5/10/10,56.73,,,,,,
5/11/10,13.97,,,,,,
5/12/10,10.41,,,,,,
5/13/10,19.05,,,,,,
5/14/10,78.74,,,,,,
5/15/10,34.29,,,,,,
5/16/10,34.29,,,,,,
5/17/10,34.29,,,,,,
5/18/10,85.6,,,,,,
5/19/10,8.38,,,,,,
5/20/10,21.08,Rain Storm,,,,,
5/21/10,0.25,,,,,,
5/22/10,6.27,,,,,,
5/23/10,6.27,,,,,,
5/24/10,6.27,,,,,,
5/25/10,1.02,,,,,,
5/26/10,15.24,,,,,,
5/27/10,3.3,,,,,,
5/28/10,5.08,,,,,,
5/29/10,18.61,,,,,,
5/30/10,18.61,,,,,,
5/31/10,18.61,,,,,,
6/1/10,18.61,,,,,,
6/2/10,2.03,,,,,,
6/3/10,0,,,,,,
6/4/10,0,,,,,,
6/5/10,0.34,,,,,,
6/6/10,0.34,,,,,,
6/7/10,0.34,,,,,,
6/8/10,0,,,,,,
6/9/10,0.51,,,,,,
6/10/10,0,,,,,,
6/11/10,0,,,,,,
6/12/10,4.91,,,,,,
6/13/10,4.91,,,,,,
6/14/10,4.91,,,,,,
6/15/10,5.08,,,,,,
6/16/10,3.81,,,,,,
6/17/10,35.05,,,,,,
6/18/10,22.35,,,,,,
6/19/10,52.24,,,,,,
6/20/10,52.24,,,,,,
6/21/10,52.24,,,,,,
6/22/10,58.93,,,,,,
6/23/10,12.7,,,,,,
6/24/10,74.93,,,,,,
6/25/10,0.51,,,,,,
6/26/10,3.47,,,,,,
6/27/10,3.47,Rainy Day,,,,,
6/28/10,3.47,,,,,,
6/29/10,0.51,,,,,,
6/30/10,12.7,,,,,,
7/1/10,12.7,,,,,,
7/2/10,12.7,,,,,,
7/3/10,12.7,,,,,,
7/4/10,12.7,,,,,,
7/5/10,12.7,,,,,,
7/6/10,12.7,,,,,,
7/7/10,11.43,,,,,,
7/8/10,0.25,,,,,,
7/9/10,2.03,,,,,,
7/10/10,8.81,,,,,,
7/11/10,8.81,,,,,,
7/12/10,8.81,,,,,,
7/13/10,1.52,,,,,,
7/14/10,38.1,,,,,,
7/15/10,32,,,,,,
7/16/10,68.58,,,,,,
7/17/10,62.87,,,,,,
7/18/10,62.87,,,,,,
7/19/10,62.87,,,,,,
7/20/10,62.87,,,,,,
7/21/10,50.8,,,,,,
7/22/10,50.8,,,,,,
7/23/10,18.54,,,,,,
7/24/10,3.43,,,,,,
7/25/10,3.43,,,,,,
7/26/10,3.43,,,,,,
7/27/10,3.43,,,,,,
7/28/10,18.29,,,,,,
7/29/10,18.54,,,,,,
7/30/10,4.83,,,,,,
7/31/10,6.01,,,,,,
8/1/10,6.01,,,,,,
8/2/10,6.01,,,,,,
8/3/10,7.62,Tropical Storm Emily,,,,,
8/4/10,2.54,,,,,,
8/5/10,0.51,,,,,,
8/6/10,0,,,,,,
8/7/10,13.55,,,,,,
8/8/10,13.55,,,,,,
8/9/10,13.55,,,,,,
8/10/10,16.51,,,,,,
8/11/10,46.48,,,,,,
8/12/10,1.78,,,,,,
8/13/10,2.54,,,,,,
8/14/10,22.18,,,,,,
8/15/10,22.18,,,,,,
8/16/10,22.18,,,,,,
8/17/10,9.65,,,,,,
8/18/10,0,,,,,,
8/19/10,4.83,,,,,,
8/20/10,5.84,,,,,,
8/21/10,6.1,,,,,,
8/22/10,6.1,Hurricane Irene,,,,,
8/23/10,6.1,,,,,,
8/24/10,3.3,,,,,,
8/25/10,13.72,,,,,,
8/26/10,2.79,,,,,,
8/27/10,2.54,,,,,,
8/28/10,18.39,,,,,,
8/29/10,18.39,,,,,,
8/30/10,18.39,,,,,,
8/31/10,18.39,,,,,,
9/1/10,18.39,,,,,,
9/2/10,19.05,,,,,,
9/3/10,0.51,,,,,,
9/4/10,14.92,,,,,,
9/5/10,14.92,,,,,,
9/6/10,14.92,,,,,,
9/7/10,14.92,,,,,,
9/8/10,48.26,,,,,,
9/9/10,5.08,,,,,,
9/10/10,16.51,,,,,,
9/11/10,16.51,,,,,,
9/12/10,16.51,,,,,,
9/13/10,16.51,,,,,,
9/14/10,0,,,,,,
9/15/10,38.61,,,,,,
9/16/10,0.51,,,,,,
9/17/10,0,,,,,,
9/18/10,3.39,,,,,,
9/19/10,3.39,,,,,,
9/20/10,3.39,,,,,,
9/21/10,17.02,,,,,,
9/22/10,0,,,,,,
9/23/10,24.13,,,,,,
9/24/10,24.13,,,,,,
9/25/10,14.65,,,,,,
9/26/10,14.65,,,,,,
9/27/10,14.65,,,,,,
9/28/10,12.19,,,,,,
9/29/10,2.54,,,,,,
9/30/10,3.56,,,,,,
10/1/10,15.24,,,,,,
10/2/10,10.75,,,,,,
10/3/10,10.75,,,,,,
10/4/10,10.75,,,,,,
10/5/10,7.11,,,,,,
10/6/10,2.54,,,,,,
10/7/10,28.19,,,,,,
10/8/10,24.13,,,,,,
10/9/10,0.59,,,,,,
10/10/10,0.59,,,,,,
10/11/10,0.59,,,,,,
10/12/10,0,,,,,,
10/13/10,0,,,,,,
10/14/10,7.62,,,,,,
10/15/10,0.38,,,,,,
10/16/10,0.38,,,,,,
10/17/10,0.38,,,,,,
10/18/10,0.38,,,,,,
10/19/10,0,,,,,,
10/20/10,0,,,,,,
10/21/10,1.52,,,,,,
10/22/10,0,,,,,,
10/23/10,4.57,,,,,,
10/24/10,4.57,,,,,,
10/25/10,4.57,,,,,,
10/26/10,1.27,,,,,,
10/27/10,10.41,,,,,,
10/28/10,36.58,,,,,,
10/29/10,1.27,,,,,,
10/30/10,9.65,,,,,,
10/31/10,9.65,,,,,,
11/1/10,9.65,,,,,,
11/2/10,5.84,,,,,,
11/3/10,2.54,,,,,,
11/4/10,12.95,,,,,,
11/5/10,35.05,,,,,,
11/6/10,26.25,,,,,,
11/7/10,26.25,,,,,,
11/8/10,26.25,,,,,,
11/9/10,1.78,,,,,,
11/10/10,17.27,,,,,,
11/11/10,19.43,,,,,,
11/12/10,19.43,,,,,,
11/13/10,3.39,,,,,,
11/14/10,3.39,,,,,,
11/15/10,3.39,,,,,,
11/16/10,0,,,,,,
11/17/10,1.27,,,,,,
11/18/10,0.76,,,,,,
11/19/10,5.84,,,,,,
11/20/10,5.84,,,,,,
11/21/10,5.84,,,,,,
11/22/10,5.84,,,,,,
11/23/10,49.53,,,,,,
11/24/10,1.27,,,,,,
11/25/10,2.29,,,,,,
11/26/10,2.29,,,,,,
11/27/10,2.29,,,,,,
11/28/10,2.29,,,,,,
11/29/10,2.29,,,,,,
11/30/10,0,,,,,,
12/1/10,0,,,,,,
12/2/10,13.46,,,,,,
12/3/10,0,,,,,,
12/4/10,0,,,,,,
12/5/10,0,,,,,,
12/6/10,0,,,,,,
12/7/10,0,,,,,,
12/8/10,35.05,,,,,,
12/9/10,6.35,,,,,,
12/10/10,1.27,,,,,,
12/11/10,3.56,,,,,,
12/12/10,3.56,,,,,,
12/13/10,3.56,,,,,,
12/14/10,0,,,,,,
12/15/10,185.42,,,,,,
12/16/10,114.81,,,,,,
12/17/10,2.54,,,,,,
12/18/10,1.52,,,,,,
12/19/10,1.52,,,,,,
12/20/10,1.52,,,,,,
12/21/10,15.75,,,,,,
12/22/10,46.99,,,,,,
12/23/10,2.54,,,,,,
12/24/10,6.22,,,,,,
12/25/10,6.22,,,,,,
12/26/10,6.22,,,,,,
12/27/10,6.22,,,,,,
12/28/10,0,,,,,,
12/29/10,59.18,,,,,,
12/30/10,11.6,,,,,,
12/31/10,11.6,,,,,,
1/1/11,11.6,,,,,,
1/2/11,11.6,,,,,,
1/3/11,11.6,,,,,,
1/4/11,11.6,,,,,,
1/5/11,5.48,,,,,,
1/6/11,5.48,,,,,,
1/7/11,5.48,,,,,,
1/8/11,5.48,,,,,,
1/9/11,5.48,,,,,,
1/10/11,5.48,,,,,,
1/11/11,5.48,,,,,,
1/12/11,9.14,,,,,,
1/13/11,10.92,,,,,,
1/14/11,0.81,,,,,,
1/15/11,0.81,,,,,,
1/16/11,0.81,,,,,,
1/17/11,0.81,,,,,,
1/18/11,0.81,,,,,,
1/19/11,0,,,,,,
1/20/11,3.3,,,,,,
1/21/11,5.52,,,,,,
1/22/11,5.52,,,,,,
1/23/11,5.52,,,,,,
1/24/11,5.52,,,,,,
1/25/11,0.76,,,,,,
1/26/11,1.4,,,,,,
1/27/11,1.4,,,,,,
1/28/11,2.54,,,,,,
1/29/11,3.94,,,,,,
1/30/11,3.94,,,,,,
1/31/11,3.94,,,,,,
2/1/11,3.94,,,,,,
2/2/11,6.6,,,,,,
2/3/11,0,,,,,,
2/4/11,15.75,,,,,,
2/5/11,15.75,,,,,,
2/6/11,15.75,,,,,,
2/7/11,15.75,,,,,,
2/8/11,10.16,,,,,,
2/9/11,4.83,,,,,,
2/10/11,5.08,,,,,,
2/11/11,8.7,,,,,,
2/12/11,8.7,,,,,,
2/13/11,8.7,,,,,,
2/14/11,8.7,,,,,,
2/15/11,12.45,,,,,,
2/16/11,0,,,,,,
2/17/11,8.89,,,,,,
2/18/11,0.76,,,,,,
2/19/11,20.32,,,,,,
2/20/11,20.32,,,,,,
2/21/11,20.32,,,,,,
2/22/11,20.32,,,,,,
2/23/11,0,,,,,,
2/24/11,0,,,,,,
2/25/11,1.52,,,,,,
2/26/11,0.51,,,,,,
2/27/11,0.51,,,,,,
2/28/11,0.51,,,,,,
3/1/11,0,,,,,,
3/2/11,0,,,,,,
3/3/11,1.27,,,,,,
3/4/11,0,,,,,,
3/5/11,0,,,,,,
3/6/11,0,,,,,,
3/7/11,0,,,,,,
3/8/11,28.7,,,,,,
3/9/11,0,,,,,,
3/10/11,0.76,,,,,,
3/11/11,5.33,,,,,,
3/12/11,1.02,,,,,,
3/13/11,1.02,,,,,,
3/14/11,1.02,,,,,,
3/15/11,4.57,,,,,,
3/16/11,5.08,,,,,,
3/17/11,0,,,,,,
3/18/11,0.25,,,,,,
3/19/11,14.05,,,,,,
3/20/11,14.05,,,,,,
3/21/11,14.05,,,,,,
3/22/11,10.41,,,,,,
3/23/11,0,,,,,,
3/24/11,11.43,,,,,,
3/25/11,0,,,,,,
3/26/11,0,,,,,,
3/27/11,0,,,,,,
3/28/11,0,,,,,,
3/29/11,0.76,,,,,,
3/30/11,1.78,,,,,,
3/31/11,0,,,,,,
4/1/11,0,,,,,,
4/2/11,0,,,,,,
4/3/11,0,,,,,,
4/4/11,0,,,,,,
4/5/11,12.95,,,,,,
4/6/11,11.43,,,,,,
4/7/11,0,,,,,,
4/8/11,16.26,,,,,,
4/9/11,2.03,,,,,,
4/10/11,2.03,,,,,,
4/11/11,2.03,,,,,,
4/12/11,0,,,,,,
4/13/11,31.24,,,,,,
4/14/11,16.26,,,,,,
4/15/11,5.08,,,,,,
4/16/11,4.95,,,,,,
4/17/11,4.95,,,,,,
4/18/11,4.95,,,,,,
4/19/11,4.95,,,,,,
4/20/11,4.83,,,,,,
4/21/11,0.41,,,,,,
4/22/11,0.41,,,,,,
4/23/11,0.41,,,,,,
4/24/11,0.41,,,,,,
4/25/11,0.41,,,,,,
4/26/11,22.1,,,,,,
4/27/11,105.92,,,,,,
4/28/11,9.65,,,,,,
4/29/11,0,,,,,,
4/30/11,66.04,,,,,,
5/1/11,66.04,,,,,,
5/2/11,66.04,Vaguada,,,,,
5/3/11,1.78,,,,,,
5/4/11,0,,,,,,
5/5/11,3.81,,,,,,
5/6/11,0,,,,,,
5/7/11,0,,,,,,
5/8/11,0,,,,,,
5/9/11,0,,,,,,
5/10/11,0,,,,,,
5/11/11,19.81,,,,,,
5/12/11,0.25,,,,,,
5/13/11,11.18,,,,,,
5/14/11,8.3,,,,,,
5/15/11,8.3,,,,,,
5/16/11,8.3,,,,,,
5/17/11,34.04,,,,,,
5/18/11,18.8,,,,,,
5/19/11,49.28,,,,,,
5/20/11,51.82,Rain Storm,,,,,
5/21/11,15.07,,,,,,
5/22/11,15.07,,,,,,
5/23/11,15.07,,,,,,
5/24/11,4.32,,,,,,
5/25/11,1.78,,,,,,
5/26/11,0.25,,,,,,
5/27/11,3.66,,,,,,
5/28/11,3.66,,,,,,
5/29/11,3.66,,,,,,
5/30/11,3.66,,,,,,
5/31/11,3.66,,,,,,
6/1/11,9.4,,,,,,
6/2/11,12.19,,,,,,
6/3/11,0,,,,,,
6/4/11,20.07,,,,,,
6/5/11,20.07,,,,,,
6/6/11,20.07,,,,,,
6/7/11,3.56,,,,,,
6/8/11,5.08,,,,,,
6/9/11,0.51,,,,,,
6/10/11,0.25,,,,,,
6/11/11,2.03,,,,,,
6/12/11,2.03,,,,,,
6/13/11,2.03,,,,,,
6/14/11,0.25,,,,,,
6/15/11,0.76,,,,,,
6/16/11,36.83,,,,,,
6/17/11,0,,,,,,
6/18/11,26.67,,,,,,
6/19/11,26.67,,,,,,
6/20/11,26.67,,,,,,
6/21/11,35.05,,,,,,
6/22/11,0,,,,,,
6/23/11,0,,,,,,
6/24/11,1.02,,,,,,
6/25/11,15.24,,,,,,
6/26/11,15.24,,,,,,
6/27/11,15.24,Rainy Day,,,,,
6/28/11,3.3,,,,,,
6/29/11,8.13,,,,,,
6/30/11,7.62,,,,,,
7/1/11,10.57,,,,,,
7/2/11,10.57,,,,,,
7/3/11,10.57,,,,,,
7/4/11,10.57,,,,,,
7/5/11,10.57,,,,,,
7/6/11,2.03,,,,,,
7/7/11,21.59,,,,,,
7/8/11,57.4,,,,,,
7/9/11,5,,,,,,
7/10/11,5,,,,,,
7/11/11,5,,,,,,
7/12/11,17.78,,,,,,
7/13/11,30.23,,,,,,
7/14/11,39.88,,,,,,
7/15/11,4.57,,,,,,
7/16/11,15.88,,,,,,
7/17/11,15.88,,,,,,
7/18/11,15.88,,,,,,
7/19/11,15.88,,,,,,
7/20/11,0.51,,,,,,
7/21/11,17.78,,,,,,
7/22/11,26.16,,,,,,
7/23/11,14.48,,,,,,
7/24/11,14.48,,,,,,
7/25/11,14.48,,,,,,
7/26/11,14.48,,,,,,
7/27/11,64.01,,,,,,
7/28/11,12.45,,,,,,
7/29/11,12.45,,,,,,
7/30/11,12.78,,,,,,
7/31/11,12.78,,,,,,
8/1/11,12.78,,,,,,
8/2/11,46.74,,,,,,
8/3/11,78.74,Tropical Storm Emily,,,,,
8/4/11,78.74,,,,,,
8/5/11,2.54,,,,,,
8/6/11,9.14,,,,,,
8/7/11,9.14,,,,,,
8/8/11,9.14,,,,,,
8/9/11,0.25,,,,,,
8/10/11,1.02,,,,,,
8/11/11,30.99,,,,,,
8/12/11,9.91,,,,,,
8/13/11,5.59,,,,,,
8/14/11,5.59,,,,,,
8/15/11,5.59,,,,,,
8/16/11,5.59,,,,,,
8/17/11,21.59,,,,,,
8/18/11,10.16,,,,,,
8/19/11,9.65,,,,,,
8/20/11,97.79,,,,,,
8/21/11,97.79,,,,,,
8/22/11,97.79,Hurricane Irene,,,,,
8/23/11,97.79,,,,,,
8/24/11,97.79,,,,,,
8/25/11,97.79,,,,,,
8/26/11,4.57,,,,,,
8/27/11,2.54,,,,,,
8/28/11,2.54,,,,,,
8/29/11,2.54,,,,,,
8/30/11,11.43,,,,,,
8/31/11,1.27,,,,,,
9/1/11,4.32,,,,,,
9/2/11,0,,,,,,
9/3/11,2.73,,,,,,
9/4/11,2.73,,,,,,
9/5/11,2.73,,,,,,
9/6/11,2.73,,,,,,
9/7/11,33.78,,,,,,
9/8/11,10.16,,,,,,
9/9/11,22.86,,,,,,
9/10/11,6.52,,,,,,
9/11/11,6.52,,,,,,
9/12/11,6.52,,,,,,
9/13/11,60.45,,,,,,
9/14/11,58.42,,,,,,
9/15/11,3.81,,,,,,
9/16/11,0,,,,,,
9/17/11,14.22,,,,,,
9/18/11,14.22,,,,,,
9/19/11,14.22,,,,,,
9/20/11,35.56,,,,,,
9/21/11,0,,,,,,
9/22/11,62.23,,,,,,
9/23/11,11.75,,,,,,
9/24/11,11.75,,,,,,
9/25/11,11.75,,,,,,
9/26/11,11.75,,,,,,
9/27/11,0.51,,,,,,
9/28/11,5.08,,,,,,
9/29/11,0.76,,,,,,
9/30/11,0.25,,,,,,
10/1/11,3.47,,,,,,
10/2/11,3.47,,,,,,
10/3/11,3.47,,,,,,
10/4/11,14.48,,,,,,
10/5/11,4.32,,,,,,
10/6/11,12.32,,,,,,
10/7/11,12.32,,,,,,
10/8/11,44.45,,,,,,
10/9/11,44.45,,,,,,
10/10/11,44.45,,,,,,
10/11/11,0.25,,,,,,
10/12/11,2.54,,,,,,
10/13/11,2.54,,,,,,
10/14/11,3.3,,,,,,
10/15/11,5.16,,,,,,
10/16/11,5.16,,,,,,
10/17/11,5.16,,,,,,
10/18/11,0.25,,,,,,
10/19/11,2.54,,,,,,
10/20/11,25.4,,,,,,
10/21/11,30.73,,,,,,
10/22/11,1.19,,,,,,
10/23/11,1.19,,,,,,
10/24/11,1.19,,,,,,
10/25/11,2.29,,,,,,
10/26/11,4.32,,,,,,
10/27/11,3.81,,,,,,
10/28/11,3.3,,,,,,
10/29/11,28.36,,,,,,
10/30/11,28.36,,,,,,
10/31/11,28.36,,,,,,
11/1/11,0.76,,,,,,
11/2/11,0,,,,,,
11/3/11,32.51,,,,,,
11/4/11,18.8,,,,,,
11/5/11,0.34,,,,,,
11/6/11,0.34,,,,,,
11/7/11,0.34,,,,,,
11/8/11,4.06,,,,,,
11/9/11,2.54,,,,,,
11/10/11,7.11,,,,,,
11/11/11,6.54,,,,,,
11/12/11,6.54,,,,,,
11/13/11,6.54,,,,,,
11/14/11,6.54,,,,,,
11/15/11,38.86,,,,,,
11/16/11,18.8,,,,,,
11/17/11,10.92,,,,,,
11/18/11,8.64,,,,,,
11/19/11,18.63,,,,,,
11/20/11,18.63,,,,,,
11/21/11,18.63,,,,,,
11/22/11,48.51,,,,,,
11/23/11,19.56,,,,,,
11/24/11,36.07,,,,,,
11/25/11,36.07,,,,,,
11/26/11,36.07,,,,,,
11/27/11,36.07,,,,,,
11/28/11,36.07,,,,,,
11/29/11,33.27,,,,,,
11/30/11,3.3,,,,,,
12/1/11,0,,,,,,
12/2/11,0.51,,,,,,
12/3/11,33.87,,,,,,
12/4/11,33.87,,,,,,
12/5/11,33.87,,,,,,
12/6/11,6.6,,,,,,
12/7/11,11.43,,,,,,
12/8/11,2.54,,,,,,
12/9/11,18.03,,,,,,
12/10/11,70.27,,,,,,
12/11/11,70.27,,,,,,
12/12/11,70.27,,,,,,
12/13/11,0,,,,,,
12/14/11,0,,,,,,
12/15/11,48.26,,,,,,
12/16/11,2.54,,,,,,
12/17/11,0.85,,,,,,
12/18/11,0.85,,,,,,
12/19/11,0.85,,,,,,
12/20/11,1.02,,,,,,
12/21/11,27.43,,,,,,
12/22/11,10.41,,,,,,
12/23/11,4.32,,,,,,
12/24/11,5.08,,,,,,
12/25/11,5.08,,,,,,
12/26/11,5.08,,,,,,
12/27/11,5.08,,,,,,
12/28/11,9.72,,,,,,
12/29/11,9.72,,,,,,
12/30/11,9.72,,,,,,
12/31/11,9.72,,,,,,
1/1/12,9.72,,,,,,
1/2/12,9.72,,,,,,
1/3/12,9.72,,,,,,
1/4/12,6.1,,,,,,
1/5/12,6.1,,,,,,
1/6/12,6.1,,,,,,
1/7/12,6.1,,,,,,
1/8/12,6.1,,,,,,
1/9/12,6.1,,,,,,
1/10/12,6.1,,,,,,
1/11/12,0.76,,,,,,
1/12/12,0,,,,,,
1/13/12,1.02,,,,,,
1/14/12,8.38,,,,,,
1/15/12,8.38,,,,,,
1/16/12,8.38,,,,,,
1/17/12,8.38,,,,,,
1/18/12,39.37,,,,,,
1/19/12,15.24,,,,,,
1/20/12,1.27,,,,,,
1/21/12,5.93,,,,,,
1/22/12,5.93,,,,,,
1/23/12,5.93,,,,,,
1/24/12,14.73,,,,,,
1/25/12,5.84,,,,,,
1/26/12,15.49,,,,,,
1/27/12,0,,,,,,
1/28/12,11.26,,,,,,
1/29/12,11.26,,,,,,
1/30/12,11.26,,,,,,
1/31/12,30.48,,,,,,
2/1/12,5.08,,,,,,
2/2/12,7.62,,,,,,
2/3/12,25.4,,,,,,
2/4/12,16.59,,,,,,
2/5/12,16.59,,,,,,
2/6/12,16.59,,,,,,
2/7/12,1.27,,,,,,
2/8/12,36.07,,,,,,
2/9/12,9.4,,,,,,
2/10/12,0.25,,,,,,
2/11/12,0,,,,,,
2/12/12,0,,,,,,
2/13/12,0,,,,,,
2/14/12,16.51,,,,,,
2/15/12,2.54,,,,,,
2/16/12,25.4,,,,,,
2/17/12,1.78,,,,,,
2/18/12,1.33,,,,,,
2/19/12,1.33,,,,,,
2/20/12,1.33,,,,,,
2/21/12,1.33,,,,,,
2/22/12,4.57,,,,,,
2/23/12,1.78,,,,,,
2/24/12,0,,,,,,
2/25/12,9.57,,,,,,
2/26/12,9.57,,,,,,
2/27/12,9.57,,,,,,
2/28/12,5.08,,,,,,
2/29/12,2.54,,,,,,
3/1/12,58.93,,,,,,
3/2/12,6.6,,,,,,
3/3/12,11.68,,,,,,
3/4/12,11.68,,,,,,
3/5/12,11.68,,,,,,
3/6/12,3.05,,,,,,
3/7/12,18.54,,,,,,
3/8/12,14.48,,,,,,
3/9/12,0,,,,,,
3/10/12,13.97,,,,,,
3/11/12,13.97,,,,,,
3/12/12,13.97,,,,,,
3/13/12,0.51,,,,,,
3/14/12,21.84,,,,,,
3/15/12,8.13,,,,,,
3/16/12,8.89,,,,,,
3/17/12,0.59,,,,,,
3/18/12,0.59,,,,,,
3/19/12,0.59,,,,,,
3/20/12,0.51,,,,,,
3/21/12,6.1,,,,,,
3/22/12,41.66,,,,,,
3/23/12,41.66,,,,,,
3/24/12,41.66,,,,,,
3/25/12,41.66,,,,,,
3/26/12,41.66,,,,,,
3/27/12,0.25,,,,,,
3/28/12,171.45,,,,,,
3/29/12,101.6,,,,,,
3/30/12,12.89,,,,,,
3/31/12,12.89,,,,,,
4/1/12,12.89,,,,,,
4/2/12,12.89,,,,,,
4/3/12,0,,,,,,
4/4/12,0,,,,,,
4/5/12,8.38,,,,,,
4/6/12,8.38,,,,,,
4/7/12,8.38,,,,,,
4/8/12,8.38,,,,,,
4/9/12,8.38,,,,,,
4/10/12,17.53,,,,,,
4/11/12,34.29,,,,,,
4/12/12,0,,,,,,
4/13/12,0,,,,,,
4/14/12,35.88,,,,,,
4/15/12,35.88,,,,,,
4/16/12,35.88,,,,,,
4/17/12,35.88,,,,,,
4/18/12,0,,,,,,
4/19/12,0,,,,,,
4/20/12,0,,,,,,
4/21/12,11.43,,,,,,
4/22/12,11.43,,,,,,
4/23/12,11.43,,,,,,
4/24/12,0,,,,,,
4/25/12,0,,,,,,
4/26/12,0,,,,,,
4/27/12,13.21,,,,,,
4/28/12,4.49,,,,,,
4/29/12,4.49,,,,,,
4/30/12,4.49,,,,,,
5/1/12,0.51,,,,,,
5/2/12,42.16,,,,,,
5/3/12,45.72,,,,,,
5/4/12,2.54,,,,,,
5/5/12,26.25,,,,,,
5/6/12,26.25,,,,,,
5/7/12,26.25,,,,,,
5/8/12,0,,,,,,
5/9/12,0,,,,,,
5/10/12,3.3,,,,,,
5/11/12,0.76,,,,,,
5/12/12,0,,,,,,
5/13/12,0,,,,,,
5/14/12,0,,,,,,
5/15/12,1.02,,,,,,
5/16/12,10.16,,,,,,
5/17/12,111.76,,,,,,
5/18/12,26.04,,,,,,
5/19/12,26.04,,,,,,
5/20/12,26.04,,,,,,
5/21/12,26.04,"En la hoja de datos, la maxima entrada en la minima y viceversa; la intercambiamos.",,,,,
5/22/12,6.35,,,,,,
5/23/12,46.23,,,,,,
5/24/12,0,,,,,,
5/25/12,0,,,,,,
5/26/12,7.81,,,,,,
5/27/12,7.81,,,,,,
5/28/12,7.81,,,,,,
5/29/12,7.81,,,,,,
5/30/12,0,,,,,,
5/31/12,14.61,,,,,,
6/1/12,14.61,,,,,,
6/2/12,0.17,,,,,,
6/3/12,0.17,,,,,,
6/4/12,0.17,,,,,,
6/5/12,0.25,,,,,,
6/6/12,2.29,,,,,,
6/7/12,0.51,,,,,,
6/8/12,0,,,,,,
6/9/12,0.34,,,,,,
6/10/12,0.34,,,,,,
6/11/12,0.34,,,,,,
6/12/12,0,,,,,,
6/13/12,0,,,,,,
6/14/12,0,,,,,,
6/15/12,0,,,,,,
6/16/12,5.93,,,,,,
6/17/12,5.93,,,,,,
6/18/12,5.93,,,,,,
6/19/12,3.05,,,,,,
6/20/12,3.81,,,,,,
6/21/12,1.78,,,,,,
6/22/12,0,,,,,,
6/23/12,2.54,,,,,,
6/24/12,2.54,,,,,,
6/25/12,2.54,,,,,,
6/26/12,3.81,,,,,,
6/27/12,9.91,,,,,,
6/28/12,0,,,,,,
6/29/12,0,,,,,,
6/30/12,4.32,,,,,,
7/1/12,4.32,,,,,,
7/2/12,4.32,,,,,,
7/3/12,1.02,,,,,,
7/4/12,29.59,,,,,,
7/5/12,29.59,,,,,,
7/6/12,2.41,,,,,,
7/7/12,2.41,,,,,,
7/8/12,2.41,,,,,,
7/9/12,2.41,,,,,,
7/10/12,6.35,,,,,,
7/11/12,1.02,,,,,,
7/12/12,7.62,,,,,,
7/13/12,2.54,,,,,,
7/14/12,4.45,,,,,,
7/15/12,4.45,,,,,,
7/16/12,4.45,,,,,,
7/17/12,4.45,,,,,,
7/18/12,13.46,,,,,,
7/19/12,18.54,,,,,,
7/20/12,62.23,,,,,,
7/21/12,14.39,,,,,,
7/22/12,14.39,,,,,,
7/23/12,14.39,,,,,,
7/24/12,2.54,,,,,,
7/25/12,6.35,,,,,,
7/26/12,6.35,,,,,,
7/27/12,6.35,,,,,,
7/28/12,6.35,,,,,,
7/29/12,6.35,,,,,,
7/30/12,6.35,,,,,,
7/31/12,21.59,,,,,,
8/1/12,58.93,,,,,,
8/2/12,0,,,,,,
8/3/12,0,,,,,,
8/4/12,7.2,,,,,,
8/5/12,7.2,,,,,,
8/6/12,7.2,,,,,,
8/7/12,5.08,,,,,,
8/8/12,4.32,,,,,,
8/9/12,7.62,,,,,,
8/10/12,0,,,,,,
8/11/12,3.22,,,,,,
8/12/12,3.22,,,,,,
8/13/12,3.22,,,,,,
8/14/12,0,,,,,,
8/15/12,19.05,,,,,,
8/16/12,18.8,,,,,,
8/17/12,9.4,,,,,,
8/18/12,9.4,,,,,,
8/19/12,9.4,,,,,,
8/20/12,9.4,,,,,,
8/21/12,0.76,,,,,,
8/22/12,28.7,,,,,,
8/23/12,52.58,,,,,,
8/24/12,52.58,,,,,,
8/25/12,11.68,,,,,,
8/26/12,11.68,,,,,,
8/27/12,11.68,,,,,,
8/28/12,0.51,,,,,,
8/29/12,1.02,,,,,,
8/30/12,0,,,,,,
8/31/12,12.7,,,,,,
9/1/12,2.22,,,,,,
9/2/12,2.22,,,,,,
9/3/12,2.22,,,,,,
9/4/12,2.22,,,,,,
9/5/12,0,,,,,,
9/6/12,1.02,,,,,,
9/7/12,0,,,,,,
9/8/12,0,,,,,,
9/9/12,0,,,,,,
9/10/12,0,,,,,,
9/11/12,0,,,,,,
9/12/12,0,,,,,,
9/13/12,2.54,,,,,,
9/14/12,0.51,,,,,,
9/15/12,0,,,,,,
9/16/12,0,,,,,,
9/17/12,0,,,,,,
9/18/12,4.83,,,,,,
9/19/12,11.43,,,,,,
9/20/12,0,,,,,,
9/21/12,0.25,,,,,,
9/22/12,3.3,,,,,,
9/23/12,3.3,,,,,,
9/24/12,3.3,,,,,,
9/25/12,19.56,,,,,,
9/26/12,24.13,,,,,,
9/27/12,5.84,,,,,,
9/28/12,0,,,,,,
9/29/12,3.73,,,,,,
9/30/12,3.73,,,,,,
10/1/12,3.73,,,,,,
10/2/12,1.27,,,,,,
10/3/12,37.34,,,,,,
10/4/12,8.89,,,,,,
10/5/12,17.78,,,,,,
10/6/12,0.17,,,,,,
10/7/12,0.17,,,,,,
10/8/12,0.17,,,,,,
10/9/12,19.05,,,,,,
10/10/12,4.83,,,,,,
10/11/12,19.05,,,,,,
10/12/12,12.38,,,,,,
10/13/12,12.38,,,,,,
10/14/12,12.38,,,,,,
10/15/12,12.38,,,,,,
10/16/12,0,,,,,,
10/17/12,35.05,,,,,,
10/18/12,3.56,,,,,,
10/19/12,22.1,,,,,,
10/20/12,10.24,,,,,,
10/21/12,10.24,,,,,,
10/22/12,10.24,,,,,,
10/23/12,2.54,,,,,,
10/24/12,0,,,,,,
10/25/12,0,,,,,,
10/26/12,45.09,,,,,,
10/27/12,45.09,,,,,,
10/28/12,45.09,,,,,,
10/29/12,45.09,,,,,,
10/30/12,3.3,,,,,,
10/31/12,0,,,,,,
11/1/12,0,,,,,,
11/2/12,4.32,,,,,,
11/3/12,6.22,,,,,,
11/4/12,6.22,,,,,,
11/5/12,6.22,,,,,,
11/6/12,6.22,,,,,,
11/7/12,1.78,,,,,,
11/8/12,0,,,,,,
11/9/12,0,,,,,,
11/10/12,22.42,,,,,,
11/11/12,22.42,,,,,,
11/12/12,22.42,,,,,,
11/13/12,22.42,,,,,,
11/14/12,5.08,,,,,,
11/15/12,2.03,,,,,,
11/16/12,5.33,,,,,,
11/17/12,4.32,,,,,,
11/18/12,4.32,,,,,,
11/19/12,4.32,,,,,,
11/20/12,4.32,,,,,,
11/21/12,26.16,,,,,,
11/22/12,17.88,,,,,,
11/23/12,17.88,,,,,,
11/24/12,17.88,,,,,,
11/25/12,17.88,,,,,,
11/26/12,17.88,,,,,,
11/27/12,1.27,,,,,,
11/28/12,8.64,,,,,,
11/29/12,16.51,,,,,,
11/30/12,6.99,,,,,,
12/1/12,6.99,,,,,,
12/2/12,6.99,,,,,,
12/3/12,6.99,,,,,,
12/4/12,62.74,,,,,,
12/5/12,14.48,,,,,,
12/6/12,26.16,,,,,,
12/7/12,1.59,,,,,,
12/8/12,1.59,,,,,,
12/9/12,1.59,,,,,,
12/10/12,1.59,,,,,,
12/11/12,17.27,,,,,,
12/12/12,41.91,,,,,,
12/13/12,24.38,,,,,,
12/14/12,5.52,,,,,,
12/15/12,5.52,,,,,,
12/16/12,5.52,,,,,,
12/17/12,5.52,,,,,,
12/18/12,0.76,,,,,,
12/19/12,7.11,,,,,,
12/20/12,3.3,,,,,,
12/21/12,10.2,,,,,,
12/22/12,10.2,,,,,,
12/23/12,10.2,,,,,,
12/24/12,10.2,,,,,,
12/25/12,10.2,,,,,,
12/26/12,10.2,,,,,,
12/27/12,3.81,,,,,,
12/28/12,3.05,,,,,,
12/29/12,2.84,,,,,,
12/30/12,2.84,,,,,,
12/31/12,2.84,,,,,,
1/1/13,2.84,,,,,,
1/2/13,2.84,,,,,,
1/3/13,6.1,,,,,,
1/4/13,1.78,,,,,,
1/5/13,4.89,,,,,,
1/6/13,4.89,,,,,,
1/7/13,4.89,,,,,,
1/8/13,4.89,,,,,,
1/9/13,6.1,,,,,,
1/10/13,5.84,,,,,,
1/11/13,9.4,,,,,,
1/12/13,9.65,,,,,,
1/13/13,9.65,,,,,,
1/14/13,9.65,,,,,,
1/15/13,9.65,,,,,,
1/16/13,11.43,,,,,,
1/17/13,2.79,,,,,,
1/18/13,2.79,,,,,,
1/19/13,2.79,,,,,,
1/20/13,2.79,,,,,,
1/21/13,2.79,,,,,,
1/22/13,2.79,,,,,,
1/23/13,9.65,,,,,,
1/24/13,10.41,,,,,,
1/25/13,4.57,,,,,,
1/26/13,9.48,,,,,,
1/27/13,9.48,,,,,,
1/28/13,9.48,,,,,,
1/29/13,11.18,,,,,,
1/30/13,11.94,,,,,,
1/31/13,14.73,,,,,,
2/1/13,11.43,,,,,,
2/2/13,1.02,,,,,,
2/3/13,1.02,,,,,,
2/4/13,1.02,,,,,,
2/5/13,0,,,,,,
2/6/13,7.62,,,,,,
2/7/13,10.16,,,,,,
2/8/13,10.16,,,,,,
2/9/13,7.62,,,,,,
2/10/13,7.62,,,,,,
2/11/13,7.62,,,,,,
2/12/13,28.45,,,,,,
2/13/13,0,,,,,,
2/14/13,3.05,,,,,,
2/15/13,2.03,,,,,,
2/16/13,1.78,,,,,,
2/17/13,1.78,,,,,,
2/18/13,1.78,,,,,,
2/19/13,1.78,,,,,,
2/20/13,9.14,,,,,,
2/21/13,2.79,,,,,,
2/22/13,0,,,,,,
2/23/13,0.17,,,,,,
2/24/13,0.17,,,,,,
2/25/13,0.17,,,,,,
2/26/13,0,,,,,,
2/27/13,0,,,,,,
2/28/13,0,,,,,,
3/1/13,12.5,,,,,,
3/2/13,12.5,,,,,,
3/3/13,12.5,,,,,,
3/4/13,12.5,,,,,,
3/5/13,12.5,,,,,,
3/6/13,26.42,,,,,,
3/7/13,1.27,,,,,,
3/8/13,1.27,,,,,,
3/9/13,1.52,,,,,,
3/10/13,1.52,,,,,,
3/11/13,1.52,,,,,,
3/12/13,0,,,,,,
3/13/13,0,,,,,,
3/14/13,0,,,,,,
3/15/13,0,,,,,,
3/16/13,3.98,,,,,,
3/17/13,3.98,,,,,,
3/18/13,3.98,,,,,,
3/19/13,52.58,,,,,,
3/20/13,0,,,,,,
3/21/13,1.27,,,,,,
3/22/13,0.86,,,,,,
3/23/13,0.86,,,,,,
3/24/13,0.86,,,,,,
3/25/13,0.86,,,,,,
3/26/13,0.86,,,,,,
3/27/13,0,,,,,,
3/28/13,56.9,,,,,,
3/29/13,56.9,,,,,,
3/30/13,56.9,,,,,,
3/31/13,56.9,,,,,,
4/1/13,56.9,,,,,,
4/2/13,4.57,,,,,,
4/3/13,0,,,,,,
4/4/13,0,,,,,,
4/5/13,10.16,,,,,,
4/6/13,3.98,,,,,,
4/7/13,3.98,,,,,,
4/8/13,3.98,,,,,,
4/9/13,11.43,,,,,,
4/10/13,5.08,,,,,,
4/11/13,0,,,,,,
4/12/13,5.59,,,,,,
4/13/13,5.97,,,,,,
4/14/13,5.97,,,,,,
4/15/13,5.97,,,,,,
4/16/13,5.97,,,,,,
4/17/13,37.59,,,,,,
4/18/13,6.86,,,,,,
4/19/13,38.1,,,,,,
4/20/13,14.22,,,,,,
4/21/13,14.22,,,,,,
4/22/13,14.22,,,,,,
4/23/13,0.51,,,,,,
4/24/13,75.18,,,,,,
4/25/13,0,,,,,,
4/26/13,0.51,,,,,,
4/27/13,7.62,,,,,,
4/28/13,7.62,,,,,,
4/29/13,7.62,,,,,,
4/30/13,0.25,,,,,,
5/1/13,50.04,,,,,,
5/2/13,2.54,,,,,,
5/3/13,2.54,,,,,,
5/4/13,1.27,,,,,,
5/5/13,1.27,,,,,,
5/6/13,1.27,,,,,,
5/7/13,0,,,,,,
5/8/13,113.54,,,,,,
5/9/13,30.99,,,,,,
5/10/13,14.73,,,,,,
5/11/13,21.76,,,,,,
5/12/13,21.76,,,,,,
5/13/13,21.76,,,,,,
5/14/13,0,,,,,,
5/15/13,66.55,,,,,,
5/16/13,3.81,,,,,,
5/17/13,0,,,,,,
5/18/13,4.66,,,,,,
5/19/13,4.66,,,,,,
5/20/13,4.66,,,,,,
5/21/13,19.56,,,,,,
5/22/13,52.07,,,,,,
5/23/13,52.07,,,,,,
5/24/13,19.3,,,,,,
5/25/13,23.05,,,,,,
5/26/13,23.05,,,,,,
5/27/13,23.05,,,,,,
5/28/13,23.05,,,,,,
5/29/13,35.05,,,,,,
5/30/13,26.92,,,,,,
5/31/13,65.53,,,,,,
6/1/13,3.47,,,,,,
6/2/13,3.47,,,,,,
6/3/13,3.47,,,,,,
6/4/13,43.69,,,,,,
6/5/13,5.08,,,,,,
6/6/13,0,,,,,,
6/7/13,7.62,,,,,,
6/8/13,7.62,,,,,,
6/9/13,7.62,,,,,,
6/10/13,7.62,,,,,,
6/11/13,7.62,,,,,,
6/12/13,78.74,,,,,,
6/13/13,1.78,,,,,,
6/14/13,22.86,,,,,,
6/15/13,9.82,,,,,,
6/16/13,9.82,,,,,,
6/17/13,9.82,,,,,,
6/18/13,4.06,,,,,,
6/19/13,30.23,,,,,,
6/20/13,3.05,,,,,,
6/21/13,0.51,,,,,,
6/22/13,20.57,,,,,,
6/23/13,20.57,,,,,,
6/24/13,20.57,,,,,,
6/25/13,5.08,,,,,,
6/26/13,70.61,Rain storm. Dangerous to climb roof to measure rain.,,,,,
6/27/13,70.61,,,,,,
6/28/13,12.7,,,,,,
6/29/13,33.02,,,,,,
6/30/13,33.02,,,,,,
7/1/13,33.02,,,,,,
7/2/13,11.43,,,,,,
7/3/13,22.1,,,,,,
7/4/13,15.75,,,,,,
7/5/13,15.75,,,,,,
7/6/13,15.75,,,,,,
7/7/13,15.75,,,,,,
7/8/13,15.75,,,,,,
7/9/13,19.05,,,,,,
7/10/13,19.94,Tropical storm warning. Chantall,,,,,
7/11/13,19.94,,,,,,
7/12/13,0,,,,,,
7/13/13,31.24,,,,,,
7/14/13,31.24,,,,,,
7/15/13,31.24,,,,,,
7/16/13,31.24,,,,,,
7/17/13,4.32,,,,,,
7/18/13,59.69,,,,,,
7/19/13,7.62,,,,,,
7/20/13,9.48,,,,,,
7/21/13,9.48,,,,,,
7/22/13,9.48,,,,,,
7/23/13,2.03,,,,,,
7/24/13,0,,,,,,
7/25/13,6.1,,,,,,
7/26/13,6.1,,,,,,
7/27/13,6.1,,,,,,
7/28/13,6.1,,,,,,
7/29/13,6.1,,,,,,
7/30/13,8.13,,,,,,
7/31/13,7.11,,,,,,
8/1/13,49.78,,,,,,
8/2/13,5.33,,,,,,
8/3/13,6.35,,,,,,
8/4/13,6.35,,,,,,
8/5/13,6.35,,,,,,
8/6/13,6.35,,,,,,
8/7/13,20.57,,,,,,
8/8/13,19.56,,,,,,
8/9/13,59.69,,,,,,
8/10/13,10.08,,,,,,
8/11/13,10.08,,,,,,
8/12/13,10.08,,,,,,
8/13/13,0,,,,,,
8/14/13,2.54,,,,,,
8/15/13,0,,,,,,
8/16/13,11.43,,,,,,
8/17/13,12.53,,,,,,
8/18/13,12.53,,,,,,
8/19/13,12.53,,,,,,
8/20/13,7.62,,,,,,
8/21/13,15.24,,,,,,
8/22/13,16.51,,,,,,
8/23/13,8.79,,,,,,
8/24/13,8.79,,,,,,
8/25/13,8.79,,,,,,
8/26/13,8.79,,,,,,
8/27/13,8.79,IM: No temp data were taken,,,,,
8/28/13,0,,,,,,
8/29/13,2.54,,,,,,
8/30/13,6.6,,,,,,
8/31/13,7.94,,,,,,
9/1/13,7.94,,,,,,
9/2/13,7.94,,,,,,
9/3/13,7.94,,,,,,
9/4/13,83.57,,,,,,
9/5/13,27.94,Aviso Tormenta Gabriel,,,,,
9/6/13,27.94,,,,,,
9/7/13,13.12,,,,,,
9/8/13,13.12,,,,,,
9/9/13,13.12,,,,,,
9/10/13,0,,,,,,
9/11/13,12.19,,,,,,
9/12/13,43.18,,,,,,
9/13/13,2.54,,,,,,
9/14/13,0.85,,,,,,
9/15/13,0.85,,,,,,
9/16/13,0.85,,,,,,
9/17/13,0.76,,,,,,
9/18/13,0,,,,,,
9/19/13,1.02,,,,,,
9/20/13,1.52,,,,,,
9/21/13,4.06,,,,,,
9/22/13,4.06,,,,,,
9/23/13,4.06,,,,,,
9/24/13,4.06,,,,,,
9/25/13,0,,,,,,
9/26/13,0,,,,,,
9/27/13,0.51,,,,,,
9/28/13,4.4,,,,,,
9/29/13,4.4,,,,,,
9/30/13,4.4,,,,,,
10/1/13,0,,,,,,
10/2/13,16.51,,,,,,
10/3/13,15.49,,,,,,
10/4/13,6.03,,,,,,
10/5/13,6.03,,,,,,
10/6/13,6.03,,,,,,
10/7/13,6.03,,,,,,
10/8/13,0,,,,,,
10/9/13,0,,,,,,
10/10/13,8.38,,,,,,
10/11/13,38.86,,,,,,
10/12/13,5.25,,,,,,
10/13/13,5.25,,,,,,
10/14/13,5.25,,,,,,
10/15/13,2.03,,,,,,
10/16/13,0,,,,,,
10/17/13,0,,,,,,
10/18/13,2.41,,,,,,
10/19/13,2.41,,,,,,
10/20/13,2.41,,,,,,
10/21/13,2.41,,,,,,
10/22/13,4.06,,,,,,
10/23/13,2.54,,,,,,
10/24/13,1.91,,,,,,
10/25/13,1.91,,,,,,
10/26/13,11.09,,,,,,
10/27/13,11.09,,,,,,
10/28/13,11.09,,,,,,
10/29/13,30.48,,,,,,
10/30/13,0.76,,,,,,
10/31/13,16.51,,,,,,
11/1/13,4.57,,,,,,
11/2/13,10.58,,,,,,
11/3/13,10.58,,,,,,
11/4/13,10.58,,,,,,
11/5/13,1.78,,,,,,
11/6/13,4.57,,,,,,
11/7/13,0.25,,,,,,
11/8/13,3.81,,,,,,
11/9/13,6.92,,,,,,
11/10/13,6.92,,,,,,
11/11/13,6.92,Feriado,,,,,
11/12/13,6.92,,,,,,
11/13/13,0.51,,,,,,
11/14/13,0.25,,,,,,
11/15/13,10.86,,,,,,
11/16/13,10.86,,,,,,
11/17/13,10.86,,,,,,
11/18/13,10.86,,,,,,
11/19/13,1.78,,,,,,
11/20/13,0.25,,,,,,
11/21/13,28.7,,,,,,
11/22/13,82.55,,,,,,
11/23/13,9.57,,,,,,
11/24/13,9.57,,,,,,
11/25/13,9.57,,,,,,
11/26/13,0.76,,,,,,
11/27/13,22.86,,,,,,
11/28/13,22.86,,,,,,
11/29/13,22.86,,,,,,
11/30/13,22.86,,,,,,
12/1/13,22.86,,,,,,
12/2/13,22.86,,,,,,
12/3/13,22.86,,,,,,
12/4/13,22.86,,,,,,
12/5/13,29.21,,,,,,
12/6/13,5.08,,,,,,
12/7/13,24.64,,,,,,
12/8/13,24.64,,,,,,
12/9/13,24.64,,,,,,
12/10/13,8.13,,,,,,
12/11/13,30.48,,,,,,
12/12/13,0,,,,,,
12/13/13,0,,,,,,
12/14/13,14.99,,,,,,
12/15/13,14.99,,,,,,
12/16/13,14.99,,,,,,
12/17/13,6.6,,,,,,
12/18/13,6.86,,,,,,
12/19/13,6.35,,,,,,
12/20/13,13.56,,,,,,
12/21/13,13.56,,,,,,
12/22/13,13.56,,,,,,
12/23/13,13.56,,,,,,
12/24/13,13.56,,,,,,
12/25/13,5.08,,,,,,
12/26/13,5.08,,,,,,
12/27/13,5.08,,,,,,
12/28/13,9.91,,,,,,
12/29/13,9.91,,,,,,
12/30/13,9.91,,,,,,
12/31/13,9.91,,,,,,